name,start,end,size
sub_18C518_tail00100218,0x00100218,0x00100220,0x8
sub_199240_tail00103F30,0x00103f30,0x00103f4c,0x1c
sub_1BFB60_tail00104BF0,0x00104bf0,0x00104c00,0x10
sub_120D48_tail00115348,0x00115348,0x00115368,0x20
sub_1172F0_tail001153C8,0x001153c8,0x00115478,0xb0
sub_116CF0_tail00116CD0,0x00116cd0,0x00116cdc,0xc
sub_121D50_tail00117248,0x00117248,0x00117250,0x8
sub_121E30_tail00117498,0x00117498,0x001174a0,0x8
sub_121E60_tail001174F8,0x001174f8,0x00117558,0x60
sub_121E78_tail00117558,0x00117558,0x00117560,0x8
sub_121ED8_tail00117580,0x00117580,0x00117588,0x8
sub_121F08_tail00117588,0x00117588,0x00117590,0x8
sub_121F20_tail00117590,0x00117590,0x001175a4,0x14
sub_121F50_tail001175A8,0x001175a8,0x001175b0,0x8
sub_121F68_tail001175B0,0x001175b0,0x001175b8,0x8
sub_121D08_tail00117710,0x00117710,0x0011772c,0x1c
sub_121D20_tail00117730,0x00117730,0x00117740,0x10
sub_121CA0_tail00117978,0x00117978,0x00117984,0xc
sub_11A280_tail00119B70,0x00119b70,0x00119f34,0x3c4
sub_11A280_tail00119F38,0x00119f38,0x0011a280,0x348
sub_129A68_tail00121CC8,0x00121cc8,0x00121cd0,0x8
sub_129B30_tail00121DC8,0x00121dc8,0x00121dd4,0xc
sub_12A1C8_tail00122108,0x00122108,0x00122110,0x8
sub_124578_tail001242C8,0x001242c8,0x001242d0,0x8
sub_1175E0_tail0012BFB0,0x0012bfb0,0x0012bfcc,0x1c
sub_117990_tail0012C0A8,0x0012c0a8,0x0012c0c4,0x1c
sub_1268A0_tail0012EA80,0x0012ea80,0x0012ea90,0x10
sub_1268B8_tail0012EA90,0x0012ea90,0x0012eaa0,0x10
sub_126870_tail0012EAA0,0x0012eaa0,0x0012eab0,0x10
sub_126888_tail0012EAB0,0x0012eab0,0x0012eac0,0x10
sub_1268D0_tail0012EB18,0x0012eb18,0x0012eb28,0x10
sub_132430_tail0012F708,0x0012f708,0x0012f74c,0x44
sub_132430_tail0012F750,0x0012f750,0x0012f75c,0xc
sub_120318_tail001314B0,0x001314b0,0x001314bc,0xc
sub_126718_tail001314D0,0x001314d0,0x001314f0,0x20
sub_126730_tail001314F0,0x001314f0,0x001314fc,0xc
sub_120610_tail00137590,0x00137590,0x001375dc,0x4c
sub_120628_tail001375E0,0x001375e0,0x00137628,0x48
sub_120640_tail00137628,0x00137628,0x00137630,0x8
sub_120658_tail00137630,0x00137630,0x00137664,0x34
sub_1206A0_tail00137888,0x00137888,0x001378ac,0x24
sub_120998_tail00138018,0x00138018,0x0013804c,0x34
sub_1207A0_tail00138110,0x00138110,0x00138144,0x34
sub_120850_tail001384C0,0x001384c0,0x001384ec,0x2c
sub_120880_tail00138568,0x00138568,0x001385a8,0x40
sub_120898_tail001385A8,0x001385a8,0x001385f8,0x50
sub_1208B0_tail001385F8,0x001385f8,0x00138624,0x2c
sub_1208E0_tail001386C0,0x001386c0,0x001386f0,0x30
sub_1208F8_tail001386F0,0x001386f0,0x00138720,0x30
sub_120910_tail00138720,0x00138720,0x00138758,0x38
sub_120928_tail00138758,0x00138758,0x00138788,0x30
sub_120940_tail00138788,0x00138788,0x001387ac,0x24
sub_138B88_tail00138A28,0x00138a28,0x00138a58,0x30
sub_13B068_tail0013AF20,0x0013af20,0x0013afb4,0x94
sub_13C658_tail0013C4F8,0x0013c4f8,0x0013c5bc,0xc4
sub_13C910_tail0013C8E8,0x0013c8e8,0x0013c90c,0x24
sub_154738_tail0013C940,0x0013c940,0x0013c954,0x14
sub_16F798_tail0013CA18,0x0013ca18,0x0013ca24,0xc
sub_164650_tail00144100,0x00144100,0x001442d0,0x1d0
sub_164178_tail001443E0,0x001443e0,0x001444b0,0xd0
sub_14A840_tail0014A890,0x0014a890,0x0014a8ac,0x1c
sub_14CF10_tail0014D010,0x0014d010,0x0014d020,0x10
sub_14DE38_tail0014E330,0x0014e330,0x0014e384,0x54
sub_14FAB8_tail0014FC88,0x0014fc88,0x0014fcb0,0x28
sub_14F140_tail0014FF78,0x0014ff78,0x0014ff80,0x8
sub_150058_tail001505F0,0x001505f0,0x001505f8,0x8
sub_150598_tail00155808,0x00155808,0x00155810,0x8
sub_158148_tail001581B8,0x001581b8,0x001581e4,0x2c
sub_1581E8_tail001582D8,0x001582d8,0x00158348,0x70
sub_16C668_tail001590F0,0x001590f0,0x00159160,0x70
sub_1503D0_tail0015B7D8,0x0015b7d8,0x0015b7f0,0x18
sub_1502B8_tail0015B7F0,0x0015b7f0,0x0015b808,0x18
sub_14D028_tail0015BB78,0x0015bb78,0x0015bb90,0x18
sub_15E200_tail0015E460,0x0015e460,0x0015e484,0x24
sub_165628_tail00167D08,0x00167d08,0x00167d34,0x2c
sub_157910_tail0016B368,0x0016b368,0x0016b380,0x18
sub_157980_tail0016B398,0x0016b398,0x0016b3b0,0x18
sub_1573D8_tail0016B580,0x0016b580,0x0016b588,0x8
sub_16C748_tail0016C888,0x0016c888,0x0016c898,0x10
sub_16C6B8_tail0016C898,0x0016c898,0x0016c8a8,0x10
sub_16F510_tail0016E0D0,0x0016e0d0,0x0016e0ec,0x1c
sub_16F528_tail0016E0F0,0x0016e0f0,0x0016e110,0x20
sub_16F580_tail0016E128,0x0016e128,0x0016e148,0x20
sub_152EE0_tail0016E780,0x0016e780,0x0016e788,0x8
sub_152EF8_tail0016E788,0x0016e788,0x0016e794,0xc
sub_152F10_tail0016E798,0x0016e798,0x0016e7a4,0xc
sub_152F28_tail0016E7A8,0x0016e7a8,0x0016e7b4,0xc
sub_152F40_tail0016E7B8,0x0016e7b8,0x0016e7c0,0x8
sub_1516C8_tail0016F008,0x0016f008,0x0016f01c,0x14
sub_152CE0_tail0016F308,0x0016f308,0x0016f314,0xc
sub_151768_tail0016F328,0x0016f328,0x0016f330,0x8
sub_151FF8_tail0016F348,0x0016f348,0x0016f35c,0x14
sub_151FF8_tail0016F360,0x0016f360,0x0016f368,0x8
sub_151CF0_tail0016F3B8,0x0016f3b8,0x0016f3c8,0x10
sub_152160_tail0016F4A0,0x0016f4a0,0x0016f4a8,0x8
sub_1521D0_tail0016F4A8,0x0016f4a8,0x0016f4b0,0x8
sub_152230_tail0016F4B0,0x0016f4b0,0x0016f4b8,0x8
sub_1522A0_tail0016F4B8,0x0016f4b8,0x0016f4c0,0x8
sub_152B80_tail0016F598,0x0016f598,0x0016f5a0,0x8
sub_152B98_tail0016F5A0,0x0016f5a0,0x0016f5a8,0x8
sub_152BB0_tail0016F5A8,0x0016f5a8,0x0016f5b0,0x8
sub_152BC8_tail0016F5B0,0x0016f5b0,0x0016f5b8,0x8
sub_152D10_tail0016F5B8,0x0016f5b8,0x0016f5c0,0x8
sub_16E148_tail0016F678,0x0016f678,0x0016f6fc,0x84
sub_16F4D8_tail00170110,0x00170110,0x00170124,0x14
sub_16F7E0_tail00170158,0x00170158,0x00170164,0xc
sub_16F7C8_tail001706E0,0x001706e0,0x00170700,0x20
sub_1740E0_tail00173F90,0x00173f90,0x00174038,0xa8
sub_171FD8_tail001748A0,0x001748a0,0x001748b0,0x10
sub_17F418_tail001748C0,0x001748c0,0x001748d0,0x10
sub_17F3D0_tail001748E0,0x001748e0,0x001748f0,0x10
sub_17F440_tail001750C0,0x001750c0,0x001750d0,0x10
sub_17F640_tail0017F5D0,0x0017f5d0,0x0017f638,0x68
sub_17F018_tail00180D30,0x00180d30,0x00180d54,0x24
sub_186068_tail00182820,0x00182820,0x00182874,0x54
sub_186068_tail00182878,0x00182878,0x0018293c,0xc4
sub_186068_tail00182940,0x00182940,0x00182aac,0x16c
sub_186068_tail00182AB0,0x00182ab0,0x00182ac4,0x14
sub_186068_tail00182AC8,0x00182ac8,0x00182b00,0x38
sub_1BFE40_tail001C0170,0x001c0170,0x001c0178,0x8
sub_1DBDB0_tail001CD4F0,0x001cd4f0,0x001cd514,0x24
sub_1DBE00_tail001CD5E0,0x001cd5e0,0x001cd604,0x24
sub_290A50_tail002A6640,0x002a6640,0x002a668c,0x4c
sub_290A70_tail002A6770,0x002a6770,0x002a678c,0x1c
sub_2B0530_tail002ADD50,0x002add50,0x002adda8,0x58
sub_2B1310_tail002B6880,0x002b6880,0x002b6900,0x80
sub_2E1B80_tail002E3910,0x002e3910,0x002e3918,0x8
sub_2E1B40_tail002E3920,0x002e3920,0x002e3948,0x28
sub_2F8180_tail002E5010,0x002e5010,0x002e5040,0x30
sub_1F5950_tail002FCD10,0x002fcd10,0x002fcd80,0x70
sub_309F10_tail00305DE0,0x00305de0,0x00305de8,0x8
sub_309F30_tail00305DF0,0x00305df0,0x00305df8,0x8
sub_309FE0_tail00305E00,0x00305e00,0x00305e0c,0xc
sub_30A000_tail00305E10,0x00305e10,0x00305e18,0x8
sub_309F90_tail00307100,0x00307100,0x00307110,0x10
sub_30A020_tail00307A40,0x00307a40,0x00307aec,0xac
sub_30A050_tail00307F80,0x00307f80,0x00307f9c,0x1c
sub_30A320_tail00308600,0x00308600,0x00308608,0x8
sub_40B130_tail00343480,0x00343480,0x00343488,0x8
sub_370C80_tail003704B0,0x003704b0,0x003704b8,0x8
sub_3793D0_tail00377DA0,0x00377da0,0x00377db8,0x18
sub_37AA50_tail00379390,0x00379390,0x003793ac,0x1c
sub_398E10_tail00397C50,0x00397c50,0x00397c60,0x10
sub_3A2B60_tail003A26E0,0x003a26e0,0x003a26f4,0x14
sub_3A2B70_tail003A2700,0x003a2700,0x003a2754,0x54
sub_3A32F0_tail003A2ED0,0x003a2ed0,0x003a2ee4,0x14
sub_423608_tail00425028,0x00425028,0x00425114,0xec
sub_423608_tail00425118,0x00425118,0x004251d8,0xc0
sub_164650_tail00428190,0x00428190,0x00428198,0x8
sub_427870_tail0042A0E8,0x0042a0e8,0x0042a150,0x68
