t_ms,status,unreadable,w6tick,wbusy,wdisp,wexit,wtid,savepri,savetid,crinest,svmnest,d5fn,d5arg,g688,g674,tshook,tsflag,sl0,sl1,sl2,sl3,sl4,sl5,sl6,sl7,h40,h44,h48,h4c,h92,d6n,d6in,d5n,boost,g36,done,cur,gamemode
0.2,Running,1,0,0,0,0,0,0,0,0,0,0,0,0,0,0,0,0,0,0,0,0,0,0,0,0,0,0,0,0,0,0,0,0,0,0,0,0
100.7,Running,1,0,0,0,0,0,0,0,0,0,0,0,0,0,0,0,0,0,0,0,0,0,0,0,0,0,0,0,0,0,0,0,0,0,0,0,0
200.7,Running,1,0,0,0,0,0,0,0,0,0,0,0,0,0,0,0,0,0,0,0,0,0,0,0,0,0,0,0,0,0,0,0,0,0,0,0,0
300.5,Running,1,0,0,0,0,0,0,0,0,0,0,0,0,0,0,0,0,0,0,0,0,0,0,0,0,0,0,0,0,0,0,0,0,0,0,0,0
400.8,Running,1,0,0,0,0,0,0,0,0,0,0,0,0,0,0,0,0,0,0,0,0,0,0,0,0,0,0,0,0,0,0,0,0,0,0,0,0
500.9,Running,1,0,0,0,0,0,0,0,0,0,0,0,0,0,0,0,0,0,0,0,0,0,0,0,0,0,0,0,0,0,0,0,0,0,0,0,0
600.6,Running,1,0,0,0,0,0,0,0,0,0,0,0,0,0,0,0,0,0,0,0,0,0,0,0,0,0,0,0,0,0,0,0,0,0,0,0,0
700.8,Running,1,0,0,0,0,0,0,0,0,0,0,0,0,0,0,0,0,0,0,0,0,0,0,0,0,0,0,0,0,0,0,0,0,0,0,0,0
800.8,Running,1,0,0,0,0,0,0,0,0,0,0,0,0,0,0,0,0,0,0,0,0,0,0,0,0,0,0,0,0,0,0,0,0,0,0,0,0
900.7,Running,1,0,0,0,0,0,0,0,0,0,0,0,0,0,0,0,0,0,0,0,0,0,0,0,0,0,0,0,0,0,0,0,0,0,0,0,0
1000.9,Running,1,0,0,0,0,0,0,0,0,0,0,0,0,0,0,0,0,0,0,0,0,0,0,0,0,0,0,0,0,0,0,0,0,0,0,0,0
1100.9,Running,1,0,0,0,0,0,0,0,0,0,0,0,0,0,0,0,0,0,0,0,0,0,0,0,0,0,0,0,0,0,0,0,0,0,0,0,0
1200.6,Running,1,0,0,0,0,0,0,0,0,0,0,0,0,0,0,0,0,0,0,0,0,0,0,0,0,0,0,0,0,0,0,0,0,0,0,0,0
1300.8,Running,1,0,0,0,0,0,0,0,0,0,0,0,0,0,0,0,0,0,0,0,0,0,0,0,0,0,0,0,0,0,0,0,0,0,0,0,0
1400.4,Running,1,0,0,0,0,0,0,0,0,0,0,0,0,0,0,0,0,0,0,0,0,0,0,0,0,0,0,0,0,0,0,0,0,0,0,0,0
1500.8,Running,1,0,0,0,0,0,0,0,0,0,0,0,0,0,0,0,0,0,0,0,0,0,0,0,0,0,0,0,0,0,0,0,0,0,0,0,0
1600.6,Running,1,0,0,0,0,0,0,0,0,0,0,0,0,0,0,0,0,0,0,0,0,0,0,0,0,0,0,0,0,0,0,0,0,0,0,0,0
1700.5,Running,1,0,0,0,0,0,0,0,0,0,0,0,0,0,0,0,0,0,0,0,0,0,0,0,0,0,0,0,0,0,0,0,0,0,0,0,0
1800.7,Running,1,0,0,0,0,0,0,0,0,0,0,0,0,0,0,0,0,0,0,0,0,0,0,0,0,0,0,0,0,0,0,0,0,0,0,0,0
1900.7,Running,1,0,0,0,0,0,0,0,0,0,0,0,0,0,0,0,0,0,0,0,0,0,0,0,0,0,0,0,0,0,0,0,0,0,0,0,0
2000.6,Running,1,0,0,0,0,0,0,0,0,0,0,0,0,0,0,0,0,0,0,0,0,0,0,0,0,0,0,0,0,0,0,0,0,0,0,0,0
2100.7,Running,1,0,0,0,0,0,0,0,0,0,0,0,0,0,0,0,0,0,0,0,0,0,0,0,0,0,0,0,0,0,0,0,0,0,0,0,0
2200.8,Running,1,0,0,0,0,0,0,0,0,0,0,0,0,0,0,0,0,0,0,0,0,0,0,0,0,0,0,0,0,0,0,0,0,0,0,0,0
2300.5,Running,1,0,0,0,0,0,0,0,0,0,0,0,0,0,0,0,0,0,0,0,0,0,0,0,0,0,0,0,0,0,0,0,0,0,0,0,0
2400.5,Running,1,0,0,0,0,0,0,0,0,0,0,0,0,0,0,0,0,0,0,0,0,0,0,0,0,0,0,0,0,0,0,0,0,0,0,0,0
2500.6,Running,1,0,0,0,0,0,0,0,0,0,0,0,0,0,0,0,0,0,0,0,0,0,0,0,0,0,0,0,0,0,0,0,0,0,0,0,0
2600.3,Running,1,0,0,0,0,0,0,0,0,0,0,0,0,0,0,0,0,0,0,0,0,0,0,0,0,0,0,0,0,0,0,0,0,0,0,0,0
2700.4,Running,1,0,0,0,0,0,0,0,0,0,0,0,0,0,0,0,0,0,0,0,0,0,0,0,0,0,0,0,0,0,0,0,0,0,0,0,0
2800.4,Running,1,0,0,0,0,0,0,0,0,0,0,0,0,0,0,0,0,0,0,0,0,0,0,0,0,0,0,0,0,0,0,0,0,0,0,0,0
2900.7,Running,1,0,0,0,0,0,0,0,0,0,0,0,0,0,0,0,0,0,0,0,0,0,0,0,0,0,0,0,0,0,0,0,0,0,0,0,0
3000.9,Running,1,0,0,0,0,0,0,0,0,0,0,0,0,0,0,0,0,0,0,0,0,0,0,0,0,0,0,0,0,0,0,0,0,0,0,0,0
3100.4,Running,1,0,0,0,0,0,0,0,0,0,0,0,0,0,0,0,0,0,0,0,0,0,0,0,0,0,0,0,0,0,0,0,0,0,0,0,0
3200.8,Running,1,0,0,0,0,0,0,0,0,0,0,0,0,0,0,0,0,0,0,0,0,0,0,0,0,0,0,0,0,0,0,0,0,0,0,0,0
3300.6,Running,1,0,0,0,0,0,0,0,0,0,0,0,0,0,0,0,0,0,0,0,0,0,0,0,0,0,0,0,0,0,0,0,0,0,0,0,0
3400.6,Running,1,0,0,0,0,0,0,0,0,0,0,0,0,0,0,0,0,0,0,0,0,0,0,0,0,0,0,0,0,0,0,0,0,0,0,0,0
3500.8,Running,1,0,0,0,0,0,0,0,0,0,0,0,0,0,0,0,0,0,0,0,0,0,0,0,0,0,0,0,0,0,0,0,0,0,0,0,0
3600.4,Running,1,0,0,0,0,0,0,0,0,0,0,0,0,0,0,0,0,0,0,0,0,0,0,0,0,0,0,0,0,0,0,0,0,0,0,0,0
3700.8,Running,1,0,0,0,0,0,0,0,0,0,0,0,0,0,0,0,0,0,0,0,0,0,0,0,0,0,0,0,0,0,0,0,0,0,0,0,0
3800.8,Running,1,0,0,0,0,0,0,0,0,0,0,0,0,0,0,0,0,0,0,0,0,0,0,0,0,0,0,0,0,0,0,0,0,0,0,0,0
3900.7,Running,1,0,0,0,0,0,0,0,0,0,0,0,0,0,0,0,0,0,0,0,0,0,0,0,0,0,0,0,0,0,0,0,0,0,0,0,0
4000.3,Running,1,0,0,0,0,0,0,0,0,0,0,0,0,0,0,0,0,0,0,0,0,0,0,0,0,0,0,0,0,0,0,0,0,0,0,0,0
4100.5,Running,1,0,0,0,0,0,0,0,0,0,0,0,0,0,0,0,0,0,0,0,0,0,0,0,0,0,0,0,0,0,0,0,0,0,0,0,0
4200.5,Running,1,0,0,0,0,0,0,0,0,0,0,0,0,0,0,0,0,0,0,0,0,0,0,0,0,0,0,0,0,0,0,0,0,0,0,0,0
4300.6,Running,1,0,0,0,0,0,0,0,0,0,0,0,0,0,0,0,0,0,0,0,0,0,0,0,0,0,0,0,0,0,0,0,0,0,0,0,0
4400.8,Running,1,0,0,0,0,0,0,0,0,0,0,0,0,0,0,0,0,0,0,0,0,0,0,0,0,0,0,0,0,0,0,0,0,0,0,0,0
4500.7,Running,1,0,0,0,0,0,0,0,0,0,0,0,0,0,0,0,0,0,0,0,0,0,0,0,0,0,0,0,0,0,0,0,0,0,0,0,0
4600.6,Running,1,0,0,0,0,0,0,0,0,0,0,0,0,0,0,0,0,0,0,0,0,0,0,0,0,0,0,0,0,0,0,0,0,0,0,0,0
4700.4,Running,1,0,0,0,0,0,0,0,0,0,0,0,0,0,0,0,0,0,0,0,0,0,0,0,0,0,0,0,0,0,0,0,0,0,0,0,0
4800.8,Running,1,0,0,0,0,0,0,0,0,0,0,0,0,0,0,0,0,0,0,0,0,0,0,0,0,0,0,0,0,0,0,0,0,0,0,0,0
4900.7,Running,1,0,0,0,0,0,0,0,0,0,0,0,0,0,0,0,0,0,0,0,0,0,0,0,0,0,0,0,0,0,0,0,0,0,0,0,0
5000.8,Running,1,0,0,0,0,0,0,0,0,0,0,0,0,0,0,0,0,0,0,0,0,0,0,0,0,0,0,0,0,0,0,0,0,0,0,0,0
5100.4,Running,1,0,0,0,0,0,0,0,0,0,0,0,0,0,0,0,0,0,0,0,0,0,0,0,0,0,0,0,0,0,0,0,0,0,0,0,0
5200.8,Running,1,0,0,0,0,0,0,0,0,0,0,0,0,0,0,0,0,0,0,0,0,0,0,0,0,0,0,0,0,0,0,0,0,0,0,0,0
5300.3,Running,1,0,0,0,0,0,0,0,0,0,0,0,0,0,0,0,0,0,0,0,0,0,0,0,0,0,0,0,0,0,0,0,0,0,0,0,0
5400.7,Running,1,0,0,0,0,0,0,0,0,0,0,0,0,0,0,0,0,0,0,0,0,0,0,0,0,0,0,0,0,0,0,0,0,0,0,0,0
5500.3,Running,1,0,0,0,0,0,0,0,0,0,0,0,0,0,0,0,0,0,0,0,0,0,0,0,0,0,0,0,0,0,0,0,0,0,0,0,0
5600.6,Running,1,0,0,0,0,0,0,0,0,0,0,0,0,0,0,0,0,0,0,0,0,0,0,0,0,0,0,0,0,0,0,0,0,0,0,0,0
5700.6,Running,1,0,0,0,0,0,0,0,0,0,0,0,0,0,0,0,0,0,0,0,0,0,0,0,0,0,0,0,0,0,0,0,0,0,0,0,0
5800.4,Running,1,0,0,0,0,0,0,0,0,0,0,0,0,0,0,0,0,0,0,0,0,0,0,0,0,0,0,0,0,0,0,0,0,0,0,0,0
5900.9,Running,1,0,0,0,0,0,0,0,0,0,0,0,0,0,0,0,0,0,0,0,0,0,0,0,0,0,0,0,0,0,0,0,0,0,0,0,0
6000.5,Running,1,0,0,0,0,0,0,0,0,0,0,0,0,0,0,0,0,0,0,0,0,0,0,0,0,0,0,0,0,0,0,0,0,0,0,0,0
6100.8,Running,1,0,0,0,0,0,0,0,0,0,0,0,0,0,0,0,0,0,0,0,0,0,0,0,0,0,0,0,0,0,0,0,0,0,0,0,0
6200.3,Running,1,0,0,0,0,0,0,0,0,0,0,0,0,0,0,0,0,0,0,0,0,0,0,0,0,0,0,0,0,0,0,0,0,0,0,0,0
6300.7,Running,1,0,0,0,0,0,0,0,0,0,0,0,0,0,0,0,0,0,0,0,0,0,0,0,0,0,0,0,0,0,0,0,0,0,0,0,0
6400.4,Running,1,0,0,0,0,0,0,0,0,0,0,0,0,0,0,0,0,0,0,0,0,0,0,0,0,0,0,0,0,0,0,0,0,0,0,0,0
6500.7,Running,1,0,0,0,0,0,0,0,0,0,0,0,0,0,0,0,0,0,0,0,0,0,0,0,0,0,0,0,0,0,0,0,0,0,0,0,0
6600.4,Running,1,0,0,0,0,0,0,0,0,0,0,0,0,0,0,0,0,0,0,0,0,0,0,0,0,0,0,0,0,0,0,0,0,0,0,0,0
6700.4,Running,1,0,0,0,0,0,0,0,0,0,0,0,0,0,0,0,0,0,0,0,0,0,0,0,0,0,0,0,0,0,0,0,0,0,0,0,0
6800.7,Running,1,0,0,0,0,0,0,0,0,0,0,0,0,0,0,0,0,0,0,0,0,0,0,0,0,0,0,0,0,0,0,0,0,0,0,0,0
6900.6,Running,1,0,0,0,0,0,0,0,0,0,0,0,0,0,0,0,0,0,0,0,0,0,0,0,0,0,0,0,0,0,0,0,0,0,0,0,0
7000.8,Running,1,0,0,0,0,0,0,0,0,0,0,0,0,0,0,0,0,0,0,0,0,0,0,0,0,0,0,0,0,0,0,0,0,0,0,0,0
7100.5,Running,1,0,0,0,0,0,0,0,0,0,0,0,0,0,0,0,0,0,0,0,0,0,0,0,0,0,0,0,0,0,0,0,0,0,0,0,0
7200.4,Running,1,0,0,0,0,0,0,0,0,0,0,0,0,0,0,0,0,0,0,0,0,0,0,0,0,0,0,0,0,0,0,0,0,0,0,0,0
7300.8,Running,1,0,0,0,0,0,0,0,0,0,0,0,0,0,0,0,0,0,0,0,0,0,0,0,0,0,0,0,0,0,0,0,0,0,0,0,0
7400.5,Running,1,0,0,0,0,0,0,0,0,0,0,0,0,0,0,0,0,0,0,0,0,0,0,0,0,0,0,0,0,0,0,0,0,0,0,0,0
7500.5,Running,1,0,0,0,0,0,0,0,0,0,0,0,0,0,0,0,0,0,0,0,0,0,0,0,0,0,0,0,0,0,0,0,0,0,0,0,0
7600.8,Running,1,0,0,0,0,0,0,0,0,0,0,0,0,0,0,0,0,0,0,0,0,0,0,0,0,0,0,0,0,0,0,0,0,0,0,0,0
7700.6,Running,1,0,0,0,0,0,0,0,0,0,0,0,0,0,0,0,0,0,0,0,0,0,0,0,0,0,0,0,0,0,0,0,0,0,0,0,0
7800.7,Running,1,0,0,0,0,0,0,0,0,0,0,0,0,0,0,0,0,0,0,0,0,0,0,0,0,0,0,0,0,0,0,0,0,0,0,0,0
7900.5,Running,1,0,0,0,0,0,0,0,0,0,0,0,0,0,0,0,0,0,0,0,0,0,0,0,0,0,0,0,0,0,0,0,0,0,0,0,0
8000.7,Running,1,0,0,0,0,0,0,0,0,0,0,0,0,0,0,0,0,0,0,0,0,0,0,0,0,0,0,0,0,0,0,0,0,0,0,0,0
8100.5,Running,1,0,0,0,0,0,0,0,0,0,0,0,0,0,0,0,0,0,0,0,0,0,0,0,0,0,0,0,0,0,0,0,0,0,0,0,0
8200.3,Running,1,0,0,0,0,0,0,0,0,0,0,0,0,0,0,0,0,0,0,0,0,0,0,0,0,0,0,0,0,0,0,0,0,0,0,0,0
8300.6,Running,1,0,0,0,0,0,0,0,0,0,0,0,0,0,0,0,0,0,0,0,0,0,0,0,0,0,0,0,0,0,0,0,0,0,0,0,0
8400.7,Running,1,0,0,0,0,0,0,0,0,0,0,0,0,0,0,0,0,0,0,0,0,0,0,0,0,0,0,0,0,0,0,0,0,0,0,0,0
8500.7,Running,1,0,0,0,0,0,0,0,0,0,0,0,0,0,0,0,0,0,0,0,0,0,0,0,0,0,0,0,0,0,0,0,0,0,0,0,0
8600.6,Running,1,0,0,0,0,0,0,0,0,0,0,0,0,0,0,0,0,0,0,0,0,0,0,0,0,0,0,0,0,0,0,0,0,0,0,0,0
8700.5,Running,1,0,0,0,0,0,0,0,0,0,0,0,0,0,0,0,0,0,0,0,0,0,0,0,0,0,0,0,0,0,0,0,0,0,0,0,0
8800.7,Running,1,0,0,0,0,0,0,0,0,0,0,0,0,0,0,0,0,0,0,0,0,0,0,0,0,0,0,0,0,0,0,0,0,0,0,0,0
8900.5,Running,1,0,0,0,0,0,0,0,0,0,0,0,0,0,0,0,0,0,0,0,0,0,0,0,0,0,0,0,0,0,0,0,0,0,0,0,0
9000.7,Running,1,0,0,0,0,0,0,0,0,0,0,0,0,0,0,0,0,0,0,0,0,0,0,0,0,0,0,0,0,0,0,0,0,0,0,0,0
9100.7,Running,1,0,0,0,0,0,0,0,0,0,0,0,0,0,0,0,0,0,0,0,0,0,0,0,0,0,0,0,0,0,0,0,0,0,0,0,0
9200.7,Running,1,0,0,0,0,0,0,0,0,0,0,0,0,0,0,0,0,0,0,0,0,0,0,0,0,0,0,0,0,0,0,0,0,0,0,0,0
9300.7,Running,1,0,0,0,0,0,0,0,0,0,0,0,0,0,0,0,0,0,0,0,0,0,0,0,0,0,0,0,0,0,0,0,0,0,0,0,0
9400.8,Running,1,0,0,0,0,0,0,0,0,0,0,0,0,0,0,0,0,0,0,0,0,0,0,0,0,0,0,0,0,0,0,0,0,0,0,0,0
9500.4,Running,1,0,0,0,0,0,0,0,0,0,0,0,0,0,0,0,0,0,0,0,0,0,0,0,0,0,0,0,0,0,0,0,0,0,0,0,0
9600.8,Running,1,0,0,0,0,0,0,0,0,0,0,0,0,0,0,0,0,0,0,0,0,0,0,0,0,0,0,0,0,0,0,0,0,0,0,0,0
9700.9,Running,1,0,0,0,0,0,0,0,0,0,0,0,0,0,0,0,0,0,0,0,0,0,0,0,0,0,0,0,0,0,0,0,0,0,0,0,0
9800.9,Running,1,0,0,0,0,0,0,0,0,0,0,0,0,0,0,0,0,0,0,0,0,0,0,0,0,0,0,0,0,0,0,0,0,0,0,0,0
9900.8,Running,1,0,0,0,0,0,0,0,0,0,0,0,0,0,0,0,0,0,0,0,0,0,0,0,0,0,0,0,0,0,0,0,0,0,0,0,0
10000.4,Running,1,0,0,0,0,0,0,0,0,0,0,0,0,0,0,0,0,0,0,0,0,0,0,0,0,0,0,0,0,0,0,0,0,0,0,0,0
10100.5,Running,1,0,0,0,0,0,0,0,0,0,0,0,0,0,0,0,0,0,0,0,0,0,0,0,0,0,0,0,0,0,0,0,0,0,0,0,0
10200.5,Running,1,0,0,0,0,0,0,0,0,0,0,0,0,0,0,0,0,0,0,0,0,0,0,0,0,0,0,0,0,0,0,0,0,0,0,0,0
10300.7,Running,1,0,0,0,0,0,0,0,0,0,0,0,0,0,0,0,0,0,0,0,0,0,0,0,0,0,0,0,0,0,0,0,0,0,0,0,0
10400.9,Running,1,0,0,0,0,0,0,0,0,0,0,0,0,0,0,0,0,0,0,0,0,0,0,0,0,0,0,0,0,0,0,0,0,0,0,0,0
10500.6,Running,1,0,0,0,0,0,0,0,0,0,0,0,0,0,0,0,0,0,0,0,0,0,0,0,0,0,0,0,0,0,0,0,0,0,0,0,0
10600.8,Running,1,0,0,0,0,0,0,0,0,0,0,0,0,0,0,0,0,0,0,0,0,0,0,0,0,0,0,0,0,0,0,0,0,0,0,0,0
10700.4,Running,1,0,0,0,0,0,0,0,0,0,0,0,0,0,0,0,0,0,0,0,0,0,0,0,0,0,0,0,0,0,0,0,0,0,0,0,0
10800.4,Running,1,0,0,0,0,0,0,0,0,0,0,0,0,0,0,0,0,0,0,0,0,0,0,0,0,0,0,0,0,0,0,0,0,0,0,0,0
10900.9,Running,1,0,0,0,0,0,0,0,0,0,0,0,0,0,0,0,0,0,0,0,0,0,0,0,0,0,0,0,0,0,0,0,0,0,0,0,0
11000.6,Running,1,0,0,0,0,0,0,0,0,0,0,0,0,0,0,0,0,0,0,0,0,0,0,0,0,0,0,0,0,0,0,0,0,0,0,0,0
11100.4,Running,1,0,0,0,0,0,0,0,0,0,0,0,0,0,0,0,0,0,0,0,0,0,0,0,0,0,0,0,0,0,0,0,0,0,0,0,0
11200.8,Running,1,0,0,0,0,0,0,0,0,0,0,0,0,0,0,0,0,0,0,0,0,0,0,0,0,0,0,0,0,0,0,0,0,0,0,0,0
11300.9,Running,1,0,0,0,0,0,0,0,0,0,0,0,0,0,0,0,0,0,0,0,0,0,0,0,0,0,0,0,0,0,0,0,0,0,0,0,0
11400.5,Running,1,0,0,0,0,0,0,0,0,0,0,0,0,0,0,0,0,0,0,0,0,0,0,0,0,0,0,0,0,0,0,0,0,0,0,0,0
11500.6,Running,1,0,0,0,0,0,0,0,0,0,0,0,0,0,0,0,0,0,0,0,0,0,0,0,0,0,0,0,0,0,0,0,0,0,0,0,0
11600.4,Running,1,0,0,0,0,0,0,0,0,0,0,0,0,0,0,0,0,0,0,0,0,0,0,0,0,0,0,0,0,0,0,0,0,0,0,0,0
11700.8,Running,1,0,0,0,0,0,0,0,0,0,0,0,0,0,0,0,0,0,0,0,0,0,0,0,0,0,0,0,0,0,0,0,0,0,0,0,0
11800.4,Running,1,0,0,0,0,0,0,0,0,0,0,0,0,0,0,0,0,0,0,0,0,0,0,0,0,0,0,0,0,0,0,0,0,0,0,0,0
11900.6,Running,1,0,0,0,0,0,0,0,0,0,0,0,0,0,0,0,0,0,0,0,0,0,0,0,0,0,0,0,0,0,0,0,0,0,0,0,0
12000.9,Running,1,0,0,0,0,0,0,0,0,0,0,0,0,0,0,0,0,0,0,0,0,0,0,0,0,0,0,0,0,0,0,0,0,0,0,0,0
12100.7,Running,1,0,0,0,0,0,0,0,0,0,0,0,0,0,0,0,0,0,0,0,0,0,0,0,0,0,0,0,0,0,0,0,0,0,0,0,0
12200.5,Running,1,0,0,0,0,0,0,0,0,0,0,0,0,0,0,0,0,0,0,0,0,0,0,0,0,0,0,0,0,0,0,0,0,0,0,0,0
12300.8,Running,1,0,0,0,0,0,0,0,0,0,0,0,0,0,0,0,0,0,0,0,0,0,0,0,0,0,0,0,0,0,0,0,0,0,0,0,0
12400.4,Running,1,0,0,0,0,0,0,0,0,0,0,0,0,0,0,0,0,0,0,0,0,0,0,0,0,0,0,0,0,0,0,0,0,0,0,0,0
12500.5,Running,1,0,0,0,0,0,0,0,0,0,0,0,0,0,0,0,0,0,0,0,0,0,0,0,0,0,0,0,0,0,0,0,0,0,0,0,0
12600.7,Running,1,0,0,0,0,0,0,0,0,0,0,0,0,0,0,0,0,0,0,0,0,0,0,0,0,0,0,0,0,0,0,0,0,0,0,0,0
12700.8,Running,1,0,0,0,0,0,0,0,0,0,0,0,0,0,0,0,0,0,0,0,0,0,0,0,0,0,0,0,0,0,0,0,0,0,0,0,0
12800.5,Running,1,0,0,0,0,0,0,0,0,0,0,0,0,0,0,0,0,0,0,0,0,0,0,0,0,0,0,0,0,0,0,0,0,0,0,0,0
12900.3,Running,1,0,0,0,0,0,0,0,0,0,0,0,0,0,0,0,0,0,0,0,0,0,0,0,0,0,0,0,0,0,0,0,0,0,0,0,0
13000.5,Running,1,0,0,0,0,0,0,0,0,0,0,0,0,0,0,0,0,0,0,0,0,0,0,0,0,0,0,0,0,0,0,0,0,0,0,0,0
13100.7,Running,1,0,0,0,0,0,0,0,0,0,0,0,0,0,0,0,0,0,0,0,0,0,0,0,0,0,0,0,0,0,0,0,0,0,0,0,0
13200.3,Running,1,0,0,0,0,0,0,0,0,0,0,0,0,0,0,0,0,0,0,0,0,0,0,0,0,0,0,0,0,0,0,0,0,0,0,0,0
13300.7,Running,1,0,0,0,0,0,0,0,0,0,0,0,0,0,0,0,0,0,0,0,0,0,0,0,0,0,0,0,0,0,0,0,0,0,0,0,0
13400.8,Running,1,0,0,0,0,0,0,0,0,0,0,0,0,0,0,0,0,0,0,0,0,0,0,0,0,0,0,0,0,0,0,0,0,0,0,0,0
13500.3,Running,1,0,0,0,0,0,0,0,0,0,0,0,0,0,0,0,0,0,0,0,0,0,0,0,0,0,0,0,0,0,0,0,0,0,0,0,0
13600.7,Running,1,0,0,0,0,0,0,0,0,0,0,0,0,0,0,0,0,0,0,0,0,0,0,0,0,0,0,0,0,0,0,0,0,0,0,0,0
13700.9,Running,1,0,0,0,0,0,0,0,0,0,0,0,0,0,0,0,0,0,0,0,0,0,0,0,0,0,0,0,0,0,0,0,0,0,0,0,0
13800.6,Running,1,0,0,0,0,0,0,0,0,0,0,0,0,0,0,0,0,0,0,0,0,0,0,0,0,0,0,0,0,0,0,0,0,0,0,0,0
13900.7,Running,1,0,0,0,0,0,0,0,0,0,0,0,0,0,0,0,0,0,0,0,0,0,0,0,0,0,0,0,0,0,0,0,0,0,0,0,0
14000.5,Running,1,0,0,0,0,0,0,0,0,0,0,0,0,0,0,0,0,0,0,0,0,0,0,0,0,0,0,0,0,0,0,0,0,0,0,0,0
14100.4,Running,1,0,0,0,0,0,0,0,0,0,0,0,0,0,0,0,0,0,0,0,0,0,0,0,0,0,0,0,0,0,0,0,0,0,0,0,0
14200.8,Running,1,0,0,0,0,0,0,0,0,0,0,0,0,0,0,0,0,0,0,0,0,0,0,0,0,0,0,0,0,0,0,0,0,0,0,0,0
14300.5,Running,1,0,0,0,0,0,0,0,0,0,0,0,0,0,0,0,0,0,0,0,0,0,0,0,0,0,0,0,0,0,0,0,0,0,0,0,0
14400.4,Running,1,0,0,0,0,0,0,0,0,0,0,0,0,0,0,0,0,0,0,0,0,0,0,0,0,0,0,0,0,0,0,0,0,0,0,0,0
14500.7,Running,1,0,0,0,0,0,0,0,0,0,0,0,0,0,0,0,0,0,0,0,0,0,0,0,0,0,0,0,0,0,0,0,0,0,0,0,0
14600.6,Running,1,0,0,0,0,0,0,0,0,0,0,0,0,0,0,0,0,0,0,0,0,0,0,0,0,0,0,0,0,0,0,0,0,0,0,0,0
14700.5,Running,1,0,0,0,0,0,0,0,0,0,0,0,0,0,0,0,0,0,0,0,0,0,0,0,0,0,0,0,0,0,0,0,0,0,0,0,0
14800.8,Running,1,0,0,0,0,0,0,0,0,0,0,0,0,0,0,0,0,0,0,0,0,0,0,0,0,0,0,0,0,0,0,0,0,0,0,0,0
14900.8,Running,1,0,0,0,0,0,0,0,0,0,0,0,0,0,0,0,0,0,0,0,0,0,0,0,0,0,0,0,0,0,0,0,0,0,0,0,0
15000.5,Running,1,0,0,0,0,0,0,0,0,0,0,0,0,0,0,0,0,0,0,0,0,0,0,0,0,0,0,0,0,0,0,0,0,0,0,0,0
15100.7,Running,1,0,0,0,0,0,0,0,0,0,0,0,0,0,0,0,0,0,0,0,0,0,0,0,0,0,0,0,0,0,0,0,0,0,0,0,0
15200.5,Running,1,0,0,0,0,0,0,0,0,0,0,0,0,0,0,0,0,0,0,0,0,0,0,0,0,0,0,0,0,0,0,0,0,0,0,0,0
15301.0,Running,1,0,0,0,0,0,0,0,0,0,0,0,0,0,0,0,0,0,0,0,0,0,0,0,0,0,0,0,0,0,0,0,0,0,0,0,0
15402.0,Running,1,0,0,0,0,0,0,0,0,0,0,0,0,0,0,0,0,0,0,0,0,0,0,0,0,0,0,0,0,0,0,0,0,0,0,0,0
15500.3,Running,1,0,0,0,0,0,0,0,0,0,0,0,0,0,0,0,0,0,0,0,0,0,0,0,0,0,0,0,0,0,0,0,0,0,0,0,0
15600.3,Running,1,0,0,0,0,0,0,0,0,0,0,0,0,0,0,0,0,0,0,0,0,0,0,0,0,0,0,0,0,0,0,0,0,0,0,0,0
15700.6,Running,1,0,0,0,0,0,0,0,0,0,0,0,0,0,0,0,0,0,0,0,0,0,0,0,0,0,0,0,0,0,0,0,0,0,0,0,0
15800.6,Running,1,0,0,0,0,0,0,0,0,0,0,0,0,0,0,0,0,0,0,0,0,0,0,0,0,0,0,0,0,0,0,0,0,0,0,0,0
15900.9,Running,1,0,0,0,0,0,0,0,0,0,0,0,0,0,0,0,0,0,0,0,0,0,0,0,0,0,0,0,0,0,0,0,0,0,0,0,0
16000.6,Running,0,0,0,0,0,6,24,1,1,0,0,0,0,0,0,0,0,0,0,0,0,0,0,0,0,0,0,0,0,0,0,0,1,0,0,0,0
16100.8,Running,0,6,0,0,0,6,25,6,0,1,1396648,4970448,0,1,0,0,28388544,0,0,0,0,0,0,0,16384,0,2,3,0,6,0,6,1,0,0,28388544,0
16200.4,Running,0,12,0,0,0,6,18,5,0,1,1396648,4970448,0,1,0,0,28388544,0,0,0,0,0,0,0,16384,0,2,3,0,12,0,12,1,0,0,28388544,0
16300.8,Running,0,18,0,0,0,6,18,5,0,1,1396648,4970448,0,1,0,0,28388544,0,0,0,0,0,0,0,16384,0,2,3,0,18,0,18,1,0,0,28388544,0
16400.9,Running,0,24,0,0,0,6,18,5,0,1,1396648,4970448,0,1,0,0,28388544,0,0,0,0,0,0,0,16384,0,2,3,0,24,0,24,1,0,0,28388544,0
16500.8,Running,0,30,0,0,0,6,18,5,0,1,1396648,4970448,0,1,0,0,28388544,0,0,0,0,0,0,0,16384,0,2,3,0,30,0,30,1,0,0,28388544,0
16600.8,Running,0,36,0,0,0,6,18,5,0,1,1396648,4970448,0,1,0,0,28388544,0,0,0,0,0,0,0,16384,0,2,3,0,36,0,36,1,0,0,28388544,0
16700.7,Running,0,42,0,1,0,6,25,6,0,1,1396648,4970448,0,1,0,1,28388544,0,0,0,0,0,0,0,16384,1,2,3,0,41,1,42,1,0,0,28388544,0
16800.8,Running,0,57,0,0,0,6,25,6,0,1,1396648,4970448,0,1,0,0,28388544,0,0,0,0,0,0,0,16384,0,4,4,0,57,0,48,1,0,0,28388544,0
16900.7,Running,0,73,0,0,0,6,25,6,0,1,1396648,4970448,0,1,0,0,28388544,0,0,0,0,0,0,0,16384,0,4,4,0,73,0,54,1,0,0,28388544,0
17000.5,Running,0,89,0,0,0,6,25,6,0,1,1396648,4970448,0,1,0,0,28388544,0,0,0,0,0,0,0,16384,0,4,4,0,89,0,60,1,0,0,28388544,0
17100.4,Running,0,106,0,0,0,6,25,6,0,1,1396648,4970448,0,1,0,0,28388544,0,0,0,0,0,0,0,16384,0,4,4,0,106,0,66,1,0,0,28388544,0
17200.8,Running,0,122,0,0,0,6,25,6,0,1,1396648,4970448,0,1,0,0,28388544,0,0,0,0,0,0,0,16384,0,4,4,0,122,0,72,1,0,0,28388544,0
17300.8,Running,0,137,0,0,0,6,25,6,0,1,1396648,4970448,0,1,0,0,28388544,0,0,0,0,0,0,0,16384,0,4,4,0,137,0,78,1,0,0,28388544,0
17400.9,Running,0,152,0,0,0,6,25,6,0,1,1396648,4970448,0,1,0,0,28388544,0,0,0,0,0,0,0,16384,0,4,4,0,152,0,84,1,0,0,28388544,0
17500.6,Running,0,167,0,0,0,6,25,6,0,1,1396648,4970448,0,1,0,0,28388544,0,0,0,0,0,0,0,16384,0,4,4,0,167,0,90,1,0,0,28388544,0
17600.8,Running,0,182,0,0,0,6,25,6,0,1,1396648,4970448,0,1,0,0,28388544,0,0,0,0,0,0,0,16384,0,4,4,0,182,0,96,1,0,0,28388544,0
17700.5,Running,0,196,0,0,0,6,25,6,0,1,1396648,4970448,0,1,0,0,28388544,0,0,0,0,0,0,0,16384,0,4,4,0,196,0,102,1,0,0,28388544,0
17800.5,Running,0,211,0,0,0,6,25,6,0,1,1396648,4970448,0,1,0,0,28388544,0,0,0,0,0,0,0,16384,0,4,4,0,211,0,108,1,0,0,28388544,0
17900.9,Running,0,227,0,0,0,6,25,6,0,1,1396648,4970448,0,1,0,0,28388544,0,0,0,0,0,0,0,16384,0,4,4,0,227,0,114,1,0,0,28388544,0
18000.8,Running,0,241,0,0,0,6,25,6,0,1,1396648,4970448,0,1,0,0,28388544,0,0,0,0,0,0,0,16384,0,4,4,0,241,0,120,1,0,0,28388544,0
18100.5,Running,0,256,0,0,0,6,25,6,0,1,1396648,4970448,0,1,0,0,28388544,0,0,0,0,0,0,0,16384,0,4,4,0,256,0,126,1,0,0,28388544,0
18200.6,Running,0,271,0,0,0,6,25,6,0,1,1396648,4970448,0,1,0,0,28388544,0,0,0,0,0,0,0,16384,0,4,4,0,271,0,132,1,0,0,28388544,0
18301.5,Running,0,286,0,0,0,6,25,6,0,1,1396648,4970448,0,1,0,0,28388544,0,0,0,0,0,0,0,16384,0,4,4,0,286,0,138,1,0,0,28388544,0
18400.6,Running,0,301,0,0,0,6,25,6,0,1,1396648,4970448,0,1,0,0,28388544,0,0,0,0,0,0,0,16384,0,4,4,0,301,0,144,1,0,0,28388544,0
18500.7,Running,0,316,0,0,0,6,25,6,0,1,1396648,4970448,0,1,0,0,28388544,0,0,0,0,0,0,0,16384,0,4,4,0,316,0,150,1,0,0,28388544,0
18600.3,Running,0,330,0,0,0,6,25,6,0,1,1396648,4970448,0,1,0,0,28388544,0,0,0,0,0,0,0,16384,0,4,4,0,330,0,156,1,0,0,28388544,0
18700.7,Running,0,345,0,0,0,6,25,6,0,1,1396648,4970448,0,1,0,0,28388544,0,0,0,0,0,0,0,16384,0,4,4,0,345,0,162,1,0,0,28388544,0
18800.8,Running,0,361,0,0,0,6,25,6,0,1,1396648,4970448,0,1,0,0,28388544,0,0,0,0,0,0,0,16384,0,4,4,0,361,0,168,1,0,0,28388544,0
18900.7,Running,0,375,0,0,0,6,25,6,0,1,1396648,4970448,0,1,0,0,28388544,0,0,0,0,0,0,0,16384,0,4,4,0,375,0,174,1,0,0,28388544,0
19000.4,Running,0,390,0,0,0,6,25,6,0,1,1396648,4970448,0,1,0,0,28388544,0,0,0,0,0,0,0,16384,0,4,4,0,390,0,180,1,0,0,28388544,0
19100.7,Running,0,405,0,0,0,6,25,6,0,1,1396648,4970448,0,1,0,0,28388544,0,0,0,0,0,0,0,16384,0,4,4,0,405,0,186,1,0,0,28388544,0
19200.4,Running,0,420,0,0,0,6,25,6,0,1,1396648,4970448,0,1,0,0,28388544,0,0,0,0,0,0,0,16384,0,4,4,0,420,0,192,1,0,0,28388544,0
19300.4,Running,0,435,0,0,0,6,25,6,0,1,1396648,4970448,0,1,0,0,28388544,0,0,0,0,0,0,0,16384,0,4,4,0,435,0,198,1,0,0,28388544,0
19400.7,Running,0,450,0,0,0,6,25,6,0,1,1396648,4970448,0,1,0,0,28388544,0,0,0,0,0,0,0,16384,0,4,4,0,450,0,204,1,0,0,28388544,0
19500.5,Running,0,464,0,0,0,6,25,6,0,1,1396648,4970448,0,1,0,0,28388544,0,0,0,0,0,0,0,16384,0,4,4,0,464,0,210,1,0,0,28388544,0
19600.8,Running,0,479,0,0,0,6,25,6,0,1,1396648,4970448,0,1,0,0,28388544,0,0,0,0,0,0,0,16384,0,4,4,0,479,0,216,1,0,0,28388544,0
19700.5,Running,0,493,0,1,0,6,25,6,0,1,1396648,4970448,0,1,0,1,28388544,0,0,0,0,0,0,0,16384,0,4,4,0,492,1,222,1,0,0,28388544,0
19800.6,Running,0,506,0,1,0,6,25,6,0,1,1396648,4970448,0,1,0,1,28388544,0,0,0,0,0,0,0,16384,0,4,4,0,505,1,228,1,0,0,28388544,0
19900.5,Running,0,516,0,0,0,6,24,1,0,1,1396648,4970448,0,1,0,0,28388544,0,0,0,0,0,0,0,16384,1,4,4,0,516,0,234,1,0,0,28388544,0
20000.9,Running,0,528,0,0,0,6,24,1,0,1,1396648,4970448,0,1,0,0,28388544,0,0,0,0,0,0,0,16384,1,4,4,0,528,0,240,1,0,0,28388544,0
20100.4,Running,0,540,0,0,0,6,25,6,0,1,1396648,4970448,0,1,0,0,28388544,0,0,0,0,0,0,0,16384,0,4,4,0,540,0,245,1,0,0,28388544,0
20200.4,Running,0,548,0,0,0,6,25,6,0,1,1396648,4970448,0,1,0,0,28388544,0,0,0,0,0,0,0,16384,0,4,4,0,548,0,251,1,0,0,28388544,0
20301.0,Running,0,554,0,0,0,6,18,5,0,1,1396648,4970448,0,1,0,0,28388544,0,0,0,0,0,0,0,16384,1,4,4,0,554,0,257,1,0,0,28388544,0
20401.0,Running,0,557,0,0,0,0,24,1,0,0,0,0,0,1,0,0,0,0,0,0,0,0,0,0,16384,1,0,0,0,557,0,0,1,0,0,28388544,0
20500.5,Running,0,557,0,0,0,0,24,1,0,0,0,0,0,1,0,0,0,0,0,0,0,0,0,0,16384,1,0,0,0,557,0,0,1,0,0,28388544,0
20601.0,Running,0,557,0,0,0,0,24,1,0,0,0,0,0,1,0,0,0,0,0,0,0,0,0,0,16384,1,0,0,0,557,0,0,1,0,0,28388544,0
20700.7,Running,0,557,0,0,0,0,24,1,0,0,0,0,0,1,0,0,0,0,0,0,0,0,0,0,16384,1,0,0,0,557,0,0,1,0,0,28388544,0
20800.4,Running,0,557,0,0,0,0,24,1,0,0,0,0,0,1,0,0,0,0,0,0,0,0,0,0,16384,1,0,0,0,557,0,0,1,0,0,28388544,0
20900.8,Running,0,557,0,0,0,0,24,1,0,0,0,0,0,1,0,0,0,0,0,0,0,0,0,0,16384,1,0,0,0,557,0,0,1,0,0,28388544,0
21000.3,Running,0,557,0,0,0,0,24,1,0,0,0,0,0,1,0,0,0,0,0,0,0,0,0,0,16384,1,0,0,0,557,0,0,1,0,0,28388544,0
21100.3,Running,0,557,0,0,0,0,24,1,0,0,0,0,0,1,0,0,0,0,0,0,0,0,0,0,16384,1,0,0,0,557,0,0,1,0,0,28388544,0
21200.6,Running,0,557,0,0,0,0,24,1,0,0,0,0,0,1,0,0,0,0,0,0,0,0,0,0,16384,1,0,0,0,557,0,0,1,0,0,28388544,0
21300.8,Running,0,557,0,0,0,0,24,1,0,0,0,0,0,1,0,0,0,0,0,0,0,0,0,0,16384,1,0,0,0,557,0,0,1,0,0,28388544,0
21400.4,Running,0,557,0,0,0,0,24,1,0,0,0,0,0,1,0,0,0,0,0,0,0,0,0,0,16384,1,0,0,0,557,0,0,1,0,0,28388544,0
21500.6,Running,0,557,0,0,0,0,24,1,0,0,0,0,0,1,0,0,0,0,0,0,0,0,0,0,16384,1,0,0,0,557,0,0,1,0,0,28388544,0
21600.6,Running,0,557,0,0,0,0,24,1,0,0,0,0,0,1,0,0,0,0,0,0,0,0,0,0,16384,1,0,0,0,557,0,0,1,0,0,28388544,0
21700.8,Running,0,557,0,0,0,0,24,1,0,0,0,0,0,1,0,0,0,0,0,0,0,0,0,0,16384,1,0,0,0,557,0,0,1,0,0,28388544,0
21800.5,Running,0,557,0,0,0,0,24,1,0,0,0,0,0,1,0,0,0,0,0,0,0,0,0,0,16384,1,0,0,0,557,0,0,1,0,0,28388544,0
21900.3,Running,0,557,0,0,0,0,24,1,0,0,0,0,0,1,0,0,0,0,0,0,0,0,0,0,16384,1,0,0,0,557,0,0,1,0,0,28388544,0
22000.6,Running,0,557,0,0,0,0,24,1,0,0,0,0,0,1,0,0,0,0,0,0,0,0,0,0,16384,1,0,0,0,557,0,0,1,0,0,28388544,0
22100.7,Running,0,557,0,0,0,0,24,1,0,0,0,0,0,1,0,0,0,0,0,0,0,0,0,0,16384,1,0,0,0,557,0,0,1,0,0,28388544,0
22200.5,Running,0,557,0,0,0,0,24,1,0,0,0,0,0,1,0,0,0,0,0,0,0,0,0,0,16384,1,0,0,0,557,0,0,1,0,0,28388544,0
22300.8,Running,0,557,0,0,0,0,24,1,0,0,0,0,0,1,0,0,0,0,0,0,0,0,0,0,16384,1,0,0,0,557,0,0,1,0,0,28388544,0
22400.5,Running,0,557,0,0,0,0,24,1,0,0,0,0,0,1,0,0,0,0,0,0,0,0,0,0,16384,1,0,0,0,557,0,0,1,0,0,28388544,0
22500.7,Running,0,557,0,0,0,0,24,1,0,0,0,0,0,1,0,0,0,0,0,0,0,0,0,0,16384,1,0,0,0,557,0,0,1,0,0,28388544,0
22600.5,Running,0,557,0,0,0,0,24,1,0,0,0,0,0,1,0,0,0,0,0,0,0,0,0,0,16384,1,0,0,0,557,0,0,1,0,0,28388544,0
22700.7,Running,0,557,0,0,0,0,24,1,0,0,0,0,0,1,0,0,0,0,0,0,0,0,0,0,16384,1,0,0,0,557,0,0,1,0,0,28388544,0
22800.8,Running,0,557,0,0,0,0,24,1,0,0,0,0,0,1,0,0,0,0,0,0,0,0,0,0,16384,1,0,0,0,557,0,0,1,0,0,28388544,0
22900.9,Running,0,557,0,0,0,0,24,1,0,0,0,0,0,1,0,0,0,0,0,0,0,0,0,0,16384,1,0,0,0,557,0,0,1,0,0,28388544,0
23000.7,Running,0,557,0,0,0,0,24,1,0,0,0,0,0,1,0,0,0,0,0,0,0,0,0,0,16384,1,0,0,0,557,0,0,1,0,0,28388544,0
23100.4,Running,0,557,0,0,0,0,24,1,0,0,0,0,0,1,0,0,0,0,0,0,0,0,0,0,16384,1,0,0,0,557,0,0,1,0,0,28388544,0
23200.8,Running,0,557,0,0,0,0,24,1,0,0,0,0,0,1,0,0,0,0,0,0,0,0,0,0,16384,1,0,0,0,557,0,0,1,0,0,28388544,0
23300.8,Running,0,557,0,0,0,0,24,1,0,0,0,0,0,1,0,0,0,0,0,0,0,0,0,0,16384,1,0,0,0,557,0,0,1,0,0,28388544,0
23400.5,Running,0,557,0,0,0,0,24,1,0,0,0,0,0,1,0,0,0,0,0,0,0,0,0,0,16384,1,0,0,0,557,0,0,1,0,0,28388544,0
23500.4,Running,0,557,0,0,0,0,24,1,0,0,0,0,0,1,0,0,0,0,0,0,0,0,0,0,16384,1,0,0,0,557,0,0,1,0,0,28388544,0
23600.5,Running,0,557,0,0,0,0,24,1,0,0,0,0,0,1,0,0,0,0,0,0,0,0,0,0,16384,1,0,0,0,557,0,0,1,0,0,28388544,0
23700.5,Running,0,557,0,0,0,0,24,1,0,0,0,0,0,1,0,0,0,0,0,0,0,0,0,0,16384,1,0,0,0,557,0,0,1,0,0,28388544,0
23800.7,Running,0,559,0,0,0,10,24,1,0,1,1396648,4970448,0,1,0,0,28388544,0,0,0,0,0,0,0,16384,1,1,3,0,559,0,1,1,0,0,28388544,0
23900.5,Running,0,564,0,0,0,10,18,9,0,1,1396648,4970448,0,1,0,0,28388544,0,0,0,0,0,0,0,16384,0,2,3,0,564,0,7,1,0,0,28388544,0
24000.7,Running,0,570,0,0,0,10,18,9,0,1,1396648,4970448,0,1,0,0,28388544,0,0,0,0,0,0,0,16384,0,2,3,0,570,0,13,1,0,0,28388544,0
24100.4,Running,0,576,0,0,0,10,18,9,0,1,1396648,4970448,0,1,0,0,28388544,0,0,0,0,0,0,0,16384,0,2,3,0,576,0,19,1,0,0,28388544,0
24200.3,Running,0,582,0,0,0,10,18,9,0,1,1396648,4970448,0,1,0,0,28388544,0,0,0,0,0,0,0,16384,0,2,3,0,582,0,25,1,0,0,28388544,0
24300.6,Running,0,588,0,0,0,10,18,9,0,1,1396648,4970448,0,1,0,0,28388544,0,0,0,0,0,0,0,16384,0,2,3,0,588,0,31,1,0,0,28388544,0
24400.8,Running,0,594,0,0,0,10,18,9,0,1,1396648,4970448,0,1,0,0,28388544,0,0,0,0,0,0,0,16384,0,2,3,0,594,0,37,1,0,0,28388544,0
24500.6,Running,0,602,0,0,0,10,25,10,0,1,1396648,4970448,0,1,0,0,28388544,0,0,0,0,0,0,0,16384,0,2,3,0,602,0,43,1,0,0,28388544,0
24600.5,Running,0,618,0,0,0,10,25,10,0,1,1396648,4970448,0,1,0,0,28388544,0,0,0,0,0,0,0,16384,0,4,4,0,618,0,49,1,0,0,28388544,0
24700.7,Running,0,634,0,0,0,10,25,10,0,1,1396648,4970448,0,1,0,0,28388544,0,0,0,0,0,0,0,16384,0,4,4,0,634,0,55,1,0,0,28388544,0
24800.6,Running,0,651,0,0,0,10,25,10,0,1,1396648,4970448,0,1,0,0,28388544,0,0,0,0,0,0,0,16384,0,4,4,0,651,0,61,1,0,0,28388544,0
24900.6,Running,0,667,0,0,0,10,25,10,0,1,1396648,4970448,0,1,0,0,28388544,0,0,0,0,0,0,0,16384,0,4,4,0,667,0,67,1,0,0,28388544,0
25000.3,Running,0,684,0,0,0,10,25,10,0,1,1396648,4970448,0,1,0,0,28388544,0,0,0,0,0,0,0,16384,0,4,4,0,684,0,73,1,0,0,28388544,0
25100.9,Running,0,699,0,0,0,10,25,10,0,1,1396648,4970448,0,1,0,0,28388544,0,0,0,0,0,0,0,16384,0,4,4,0,699,0,79,1,0,0,28388544,0
25200.4,Running,0,715,0,0,0,10,25,10,0,1,1396648,4970448,0,1,0,0,28388544,0,0,0,0,0,0,0,16384,0,4,4,0,715,0,85,1,0,0,28388544,0
25300.6,Running,0,730,0,0,0,10,25,10,0,1,1396648,4970448,0,1,0,0,28388544,0,0,0,0,0,0,0,16384,0,4,4,0,730,0,91,1,0,0,28388544,0
25400.5,Running,0,745,0,0,0,10,25,10,0,1,1396648,4970448,0,1,0,0,28388544,0,0,0,0,0,0,0,16384,0,4,4,0,745,0,97,1,0,0,28388544,0
25500.6,Running,0,760,0,0,0,10,25,10,0,1,1396648,4970448,0,1,0,0,28388544,0,0,0,0,0,0,0,16384,0,4,4,0,760,0,103,1,0,0,28388544,0
25600.4,Running,0,775,0,0,0,10,25,10,0,1,1396648,4970448,0,1,0,0,28388544,0,0,0,0,0,0,0,16384,0,4,4,0,775,0,109,1,0,0,28388544,0
25700.4,Running,0,790,0,0,0,10,25,10,0,1,1396648,4970448,0,1,0,0,28388544,0,0,0,0,0,0,0,16384,0,4,4,0,790,0,115,1,0,0,28388544,0
25800.7,Running,0,805,0,0,0,10,25,10,0,1,1396648,4970448,0,1,0,0,28388544,0,0,0,0,0,0,0,16384,0,4,4,0,805,0,121,1,0,0,28388544,0
25900.5,Running,0,820,0,0,0,10,25,10,0,1,1396648,4970448,0,1,0,0,28388544,0,0,0,0,0,0,0,16384,0,4,4,0,820,0,127,1,0,0,28388544,0
26001.1,Running,0,833,0,1,0,10,25,10,0,1,1396648,4970448,0,1,0,1,28388544,0,0,0,0,0,0,0,16384,0,4,4,0,832,1,133,1,0,0,28388544,0
26100.4,Running,0,851,0,0,0,10,25,10,0,1,1396648,4970448,0,1,0,0,28388544,0,0,0,0,0,0,0,16384,0,4,4,0,851,0,139,1,0,0,28388544,0
26200.7,Running,0,866,0,0,0,10,25,10,0,1,1396648,4970448,0,1,0,0,28388544,0,0,0,0,0,0,0,16384,0,4,4,0,866,0,145,1,0,0,28388544,0
26300.6,Running,0,881,0,0,0,10,25,10,0,1,1396648,4970448,0,1,0,0,28388544,0,0,0,0,0,0,0,16384,0,4,4,0,881,0,151,1,0,0,28388544,0
26400.7,Running,0,896,0,0,0,10,25,10,0,1,1396648,4970448,0,1,0,0,28388544,0,0,0,0,0,0,0,16384,0,4,4,0,896,0,157,1,0,0,28388544,0
26500.5,Running,0,912,0,0,0,10,25,10,0,1,1396648,4970448,0,1,0,0,28388544,0,0,0,0,0,0,0,16384,0,4,4,0,912,0,163,1,0,0,28388544,0
26600.6,Running,0,927,0,0,0,10,25,10,0,1,1396648,4970448,0,1,0,0,28388544,0,0,0,0,0,0,0,16384,0,4,4,0,927,0,169,1,0,0,28388544,0
26700.4,Running,0,940,0,0,0,10,25,10,0,1,1396648,4970448,0,1,0,0,28388544,0,0,0,0,0,0,0,16384,0,4,4,0,940,0,175,1,0,0,28388544,0
26800.8,Running,0,955,0,0,0,10,25,10,0,1,1396648,4970448,0,1,0,0,28388544,0,0,0,0,0,0,0,16384,0,4,4,0,955,0,181,1,0,0,28388544,0
26900.9,Running,0,970,0,0,0,10,25,10,0,1,1396648,4970448,0,1,0,0,28388544,0,0,0,0,0,0,0,16384,0,4,4,0,970,0,187,1,0,0,28388544,0
27000.6,Running,0,982,0,0,0,10,25,10,0,1,1396648,4970448,0,1,0,0,28388544,0,0,0,0,0,0,0,16384,0,4,4,0,982,0,193,1,0,0,28388544,0
27100.8,Running,0,998,0,0,0,10,25,10,0,1,1396648,4970448,0,1,0,0,28388544,0,0,0,0,0,0,0,16384,0,4,4,0,998,0,199,1,0,0,28388544,0
27200.9,Running,0,1013,0,0,0,10,25,10,0,1,1396648,4970448,0,1,0,0,28388544,0,0,0,0,0,0,0,16384,0,4,4,0,1013,0,205,1,0,0,28388544,0
27300.8,Running,0,1028,0,0,0,10,25,10,0,1,1396648,4970448,0,1,0,0,28388544,0,0,0,0,0,0,0,16384,0,4,4,0,1028,0,211,1,0,0,28388544,0
27400.8,Running,0,1044,0,0,0,10,25,10,0,1,1396648,4970448,0,1,0,0,28388544,0,0,0,0,0,0,0,16384,0,4,4,0,1044,0,217,1,0,0,28388544,0
27500.4,Running,0,1059,0,0,0,10,25,10,0,1,1396648,4970448,0,1,0,0,28388544,0,0,0,0,0,0,0,16384,0,4,4,0,1059,0,223,1,0,0,28388544,0
27600.4,Running,0,1074,0,0,0,10,25,10,0,1,1396648,4970448,0,1,0,0,28388544,0,0,0,0,0,0,0,16384,0,4,4,0,1074,0,229,1,0,0,28388544,0
27700.6,Running,0,1089,0,0,0,10,25,10,0,1,1396648,4970448,0,1,0,0,28388544,0,0,0,0,0,0,0,16384,0,4,4,0,1089,0,235,1,0,0,28388544,0
27800.5,Running,0,1104,0,0,0,10,25,10,0,1,1396648,4970448,0,1,0,0,28388544,0,0,0,0,0,0,0,16384,0,4,4,0,1104,0,241,1,0,0,28388544,0
27900.6,Running,0,1120,0,0,0,10,25,10,0,1,1396648,4970448,0,1,0,0,28388544,0,0,0,0,0,0,0,16384,0,4,4,0,1120,0,247,1,0,0,28388544,0
28000.4,Running,0,1135,0,0,0,10,25,10,0,1,1396648,4970448,0,1,0,0,28388544,0,0,0,0,0,0,0,16384,0,4,4,0,1135,0,253,1,0,0,28388544,0
28100.6,Running,0,1150,0,0,0,10,25,10,0,1,1396648,4970448,0,1,0,0,28388544,0,0,0,0,0,0,0,16384,0,4,4,0,1150,0,259,1,0,0,28388544,0
28200.5,Running,0,1165,0,0,0,10,25,10,0,1,1396648,4970448,0,1,0,0,28388544,0,0,0,0,0,0,0,16384,0,4,4,0,1165,0,265,1,0,0,28388544,0
28300.7,Running,0,1180,0,0,0,10,25,10,0,1,1396648,4970448,0,1,0,0,28388544,0,0,0,0,0,0,0,16384,0,4,4,0,1180,0,271,1,0,0,28388544,0
28400.8,Running,0,1195,0,0,0,10,25,10,0,1,1396648,4970448,0,1,0,0,28388544,0,0,0,0,0,0,0,16384,0,4,4,0,1195,0,277,1,0,0,28388544,0
28500.5,Running,0,1211,0,0,0,10,25,10,0,1,1396648,4970448,0,1,0,0,28388544,0,0,0,0,0,0,0,16384,0,4,4,0,1211,0,283,1,0,0,28388544,0
28600.5,Running,0,1226,0,0,0,10,25,10,0,1,1396648,4970448,0,1,0,0,28388544,0,0,0,0,0,0,0,16384,0,4,4,0,1226,0,289,1,0,0,28388544,0
28700.8,Running,0,1241,0,0,0,10,25,10,0,1,1396648,4970448,0,1,0,0,28388544,0,0,0,0,0,0,0,16384,0,4,4,0,1241,0,295,1,0,0,28388544,0
28800.8,Running,0,1256,0,0,0,10,25,10,0,1,1396648,4970448,0,1,0,0,28388544,0,0,0,0,0,0,0,16384,0,4,4,0,1256,0,301,1,0,0,28388544,0
28900.3,Running,0,1265,0,0,0,10,25,10,0,1,1396648,4970448,0,1,0,0,28388544,0,0,0,0,0,0,0,16384,0,4,4,0,1265,0,307,1,0,0,28388544,0
29000.8,Running,0,1271,0,0,0,10,25,10,0,1,1396648,4970448,0,1,0,0,28388544,0,0,0,0,0,0,0,16384,0,4,4,0,1271,0,313,1,0,0,28388544,0
29100.8,Running,0,1277,0,0,0,10,25,10,0,1,1396648,4970448,0,1,0,0,28388544,0,0,0,0,0,0,0,16384,0,4,4,0,1277,0,319,1,0,0,28388544,0
29200.8,Running,0,1283,0,0,0,10,25,10,0,1,1396648,4970448,0,1,0,0,28388544,0,0,0,0,0,0,0,16384,0,4,4,0,1283,0,325,1,0,0,28388544,0
29300.8,Running,0,1289,0,0,0,10,25,10,0,1,1396648,4970448,0,1,0,0,28388544,0,0,0,0,0,0,0,16384,0,4,4,0,1289,0,331,1,0,0,28388544,0
29400.5,Running,0,1295,0,0,0,10,25,10,0,1,1396648,4970448,0,1,0,0,28388544,0,0,0,0,0,0,0,16384,0,4,4,0,1295,0,337,1,0,0,28388544,0
29500.7,Running,0,1301,0,0,0,10,25,10,0,1,1396648,4970448,0,1,0,0,28388544,0,0,0,0,0,0,0,16384,0,4,4,0,1301,0,343,1,0,0,28388544,0
29600.5,Running,0,1307,0,0,0,10,25,10,0,1,1396648,4970448,0,1,0,0,28388544,0,0,0,0,0,0,0,16384,0,4,4,0,1307,0,349,1,0,0,28388544,0
29700.5,Running,0,1313,0,0,0,10,25,10,0,1,1396648,4970448,0,1,0,0,28388544,0,0,0,0,0,0,0,16384,1,6,6,0,1313,0,355,1,0,0,28388544,0
29800.3,Running,0,1319,0,0,0,10,25,10,0,1,1396648,4970448,0,1,0,0,28388544,0,0,0,0,0,0,0,16384,1,6,6,0,1319,0,361,1,0,0,28388544,0
29900.7,Running,0,1325,0,0,0,10,25,10,0,1,1396648,4970448,0,1,0,0,28388544,0,0,0,0,0,0,0,16384,1,6,6,0,1325,0,367,1,0,0,28388544,0
30000.8,Running,0,1328,0,0,0,0,24,1,0,0,0,0,0,1,0,0,0,0,0,0,0,0,0,0,16384,1,0,0,0,1328,0,0,1,0,0,28388544,0
30100.8,Running,0,1328,0,0,0,0,24,1,0,0,0,0,0,1,0,0,0,0,0,0,0,0,0,0,16384,1,0,0,0,1328,0,0,1,0,0,28388544,0
30200.6,Running,0,1328,0,0,0,0,24,1,0,0,0,0,0,1,0,0,0,0,0,0,0,0,0,0,16384,1,0,0,0,1328,0,0,1,0,0,28388544,0
30300.4,Running,0,1328,0,0,0,0,24,1,0,0,0,0,0,1,0,0,0,0,0,0,0,0,0,0,16384,1,0,0,0,1328,0,0,1,0,0,28388544,0
30400.8,Running,0,1328,0,0,0,0,24,1,0,0,0,0,0,1,0,0,0,0,0,0,0,0,0,0,16384,1,0,0,0,1328,0,0,1,0,0,28388544,0
30500.8,Running,0,1328,0,0,0,0,24,1,0,0,0,0,0,1,0,0,0,0,0,0,0,0,0,0,16384,1,0,0,0,1328,0,0,1,0,0,28388544,0
30600.7,Running,0,1328,0,0,0,0,24,1,0,0,0,0,0,1,0,0,0,0,0,0,0,0,0,0,16384,1,0,0,0,1328,0,0,1,0,0,28388544,0
30700.5,Running,0,1328,0,0,0,0,24,1,0,0,0,0,0,1,0,0,0,0,0,0,0,0,0,0,16384,1,0,0,0,1328,0,0,1,0,0,28388544,0
30800.7,Running,0,1328,0,0,0,0,24,1,0,0,0,0,0,1,0,0,0,0,0,0,0,0,0,0,16384,1,0,0,0,1328,0,0,1,0,0,28388544,0
30900.7,Running,0,1328,0,0,0,0,24,1,0,0,0,0,0,1,0,0,0,0,0,0,0,0,0,0,16384,1,0,0,0,1328,0,0,1,0,0,28388544,0
31000.8,Running,0,1328,0,0,0,0,24,1,0,0,0,0,0,1,0,0,0,0,0,0,0,0,0,0,16384,1,0,0,0,1328,0,0,1,0,0,28388544,0
31100.4,Running,0,1328,0,0,0,0,24,1,0,0,0,0,0,1,0,0,0,0,0,0,0,0,0,0,16384,1,0,0,0,1328,0,0,1,0,0,28388544,0
31200.7,Running,0,1328,0,0,0,0,24,1,0,0,0,0,0,1,0,0,0,0,0,0,0,0,0,0,16384,1,0,0,0,1328,0,0,1,0,0,28388544,0
31300.4,Running,0,1328,0,0,0,0,24,1,0,0,0,0,0,1,0,0,0,0,0,0,0,0,0,0,16384,1,0,0,0,1328,0,0,1,0,0,28388544,0
31400.4,Running,0,1328,0,0,0,0,24,1,0,0,0,0,0,1,0,0,0,0,0,0,0,0,0,0,16384,1,0,0,0,1328,0,0,1,0,0,28388544,0
31500.5,Running,0,1328,0,0,0,0,24,1,0,0,0,0,0,1,0,0,0,0,0,0,0,0,0,0,16384,1,0,0,0,1328,0,0,1,0,0,28388544,0
31600.8,Running,0,1328,0,0,0,0,24,1,0,0,0,0,0,1,0,0,0,0,0,0,0,0,0,0,16384,1,0,0,0,1328,0,0,1,0,0,28388544,0
31701.0,Running,0,1328,0,0,0,0,24,1,0,0,0,0,0,1,0,0,0,0,0,0,0,0,0,0,16384,1,0,0,0,1328,0,0,1,0,0,28388544,0
31800.5,Running,0,1328,0,0,0,0,24,1,0,0,0,0,0,1,0,0,0,0,0,0,0,0,0,0,16384,1,0,0,0,1328,0,0,1,0,0,28388544,0
31900.7,Running,0,1328,0,0,0,0,24,1,0,0,0,0,0,1,0,0,0,0,0,0,0,0,0,0,16384,1,0,0,0,1328,0,0,1,0,0,28388544,0
32000.4,Running,0,1328,0,0,0,0,24,1,0,0,0,0,0,1,0,0,0,0,0,0,0,0,0,0,16384,1,0,0,0,1328,0,0,1,0,0,28388544,0
32100.6,Running,0,1328,0,0,0,0,24,1,0,0,0,0,0,1,0,0,0,0,0,0,0,0,0,0,16384,1,0,0,0,1328,0,0,1,0,0,28388544,0
32200.4,Running,0,1328,0,0,0,0,24,1,0,0,0,0,0,1,0,0,0,0,0,0,0,0,0,0,16384,1,0,0,0,1328,0,0,1,0,0,28388544,0
32300.9,Running,0,1328,0,0,0,0,24,1,0,0,0,0,0,1,0,0,0,0,0,0,0,0,0,0,16384,1,0,0,0,1328,0,0,1,0,0,28388544,0
32400.6,Running,0,1328,0,0,0,0,24,1,0,0,0,0,0,1,0,0,0,0,0,0,0,0,0,0,16384,1,0,0,0,1328,0,0,1,0,0,28388544,0
32500.7,Running,0,1328,0,0,0,0,24,1,0,0,0,0,0,1,0,0,0,0,0,0,0,0,0,0,16384,1,0,0,0,1328,0,0,1,0,0,28388544,0
32600.8,Running,0,1328,0,0,0,0,24,1,0,0,0,0,0,1,0,0,0,0,0,0,0,0,0,0,16384,1,0,0,0,1328,0,0,1,0,0,28388544,0
32701.5,Running,0,1328,0,0,0,0,24,1,0,0,0,0,0,1,0,0,0,0,0,0,0,0,0,0,16384,1,0,0,0,1328,0,0,1,0,0,28388544,0
32800.5,Running,0,1328,0,0,0,0,24,1,0,0,0,0,0,1,0,0,0,0,0,0,0,0,0,0,16384,1,0,0,0,1328,0,0,1,0,0,28388544,0
32900.5,Running,0,1328,0,0,0,0,24,1,0,0,0,0,0,1,0,0,0,0,0,0,0,0,0,0,16384,1,0,0,0,1328,0,0,1,0,0,28388544,0
33000.7,Running,0,1328,0,0,0,0,24,1,0,0,0,0,0,1,0,0,0,0,0,0,0,0,0,0,16384,1,0,0,0,1328,0,0,1,0,0,28388544,0
33100.7,Running,0,1328,0,0,0,0,24,1,0,0,0,0,0,1,0,0,0,0,0,0,0,0,0,0,16384,1,0,0,0,1328,0,0,1,0,0,28388544,0
33200.9,Running,0,1328,0,0,0,0,24,1,0,0,0,0,0,1,0,0,0,0,0,0,0,0,0,0,16384,1,0,0,0,1328,0,0,1,0,0,28388544,0
33300.7,Running,0,1328,0,0,0,0,24,1,0,0,0,0,0,1,0,0,0,0,0,0,0,0,0,0,16384,1,0,0,0,1328,0,0,1,0,0,28388544,0
33400.7,Running,0,1328,0,0,0,0,24,1,0,0,0,0,0,1,0,0,0,0,0,0,0,0,0,0,16384,1,0,0,0,1328,0,0,1,0,0,28388544,0
33500.9,Running,0,1328,0,0,0,0,24,1,0,0,0,0,0,1,0,0,0,0,0,0,0,0,0,0,16384,1,0,0,0,1328,0,0,1,0,0,28388544,0
33600.4,Running,0,1328,0,0,0,0,24,1,0,0,0,0,0,1,0,0,0,0,0,0,0,0,0,0,16384,1,0,0,0,1328,0,0,1,0,0,28388544,0
33700.4,Running,0,1328,0,0,0,0,24,1,0,0,0,0,0,1,0,0,0,0,0,0,0,0,0,0,16384,1,0,0,0,1328,0,0,1,0,0,28388544,0
33800.8,Running,0,1328,0,0,0,0,24,1,0,0,0,0,0,1,0,0,0,0,0,0,0,0,0,0,16384,1,0,0,0,1328,0,0,1,0,0,28388544,0
33900.8,Running,0,1328,0,0,0,0,24,1,0,0,0,0,0,1,0,0,0,0,0,0,0,0,0,0,16384,1,0,0,0,1328,0,0,1,0,0,28388544,0
34000.8,Running,0,1328,0,0,0,0,24,1,0,0,0,0,0,1,0,0,0,0,0,0,0,0,0,0,16384,1,0,0,0,1328,0,0,1,0,0,28388544,0
34100.4,Running,0,1328,0,0,0,0,24,1,0,0,0,0,0,1,0,0,0,0,0,0,0,0,0,0,16384,1,0,0,0,1328,0,0,1,0,0,28388544,0
34200.7,Running,0,1328,0,0,0,0,24,1,0,0,0,0,0,1,0,0,0,0,0,0,0,0,0,0,16384,1,0,0,0,1328,0,0,1,0,0,28388544,0
34300.6,Running,0,1328,0,0,0,0,24,1,0,0,0,0,0,1,0,0,0,0,0,0,0,0,0,0,16384,1,0,0,0,1328,0,0,1,0,0,28388544,0
34400.7,Running,0,1328,0,0,0,0,24,1,0,0,0,0,0,1,0,0,0,0,0,0,0,0,0,0,16384,1,0,0,0,1328,0,0,1,0,0,28388544,0
34500.6,Running,0,1328,0,0,0,0,24,1,0,0,0,0,0,1,0,0,0,0,0,0,0,0,0,0,16384,1,0,0,0,1328,0,0,1,0,0,28388544,0
34600.6,Running,0,1328,0,0,0,0,24,1,0,0,0,0,0,1,0,0,0,0,0,0,0,0,0,0,16384,1,0,0,0,1328,0,0,1,0,0,28388544,0
34700.4,Running,0,1328,0,0,0,0,24,1,0,0,0,0,0,1,0,0,0,0,0,0,0,0,0,0,16384,1,0,0,0,1328,0,0,1,0,0,28388544,0
34800.5,Running,0,1328,0,0,0,0,24,1,0,0,0,0,0,1,0,0,0,0,0,0,0,0,0,0,16384,1,0,0,0,1328,0,0,1,0,0,28388544,0
34900.7,Running,0,1328,0,0,0,0,24,1,0,0,0,0,0,1,0,0,0,0,0,0,0,0,0,0,16384,1,0,0,0,1328,0,0,1,0,0,28388544,0
35000.9,Running,0,1328,0,0,0,0,24,1,0,0,0,0,0,1,0,0,0,0,0,0,0,0,0,0,16384,1,0,0,0,1328,0,0,1,0,0,28388544,0
35100.4,Running,0,1328,0,0,0,0,24,1,0,0,0,0,0,1,0,0,0,0,0,0,0,0,0,0,16384,1,0,0,0,1328,0,0,1,0,0,28388544,0
35200.8,Running,0,1328,0,0,0,0,24,1,0,0,0,0,0,1,0,0,0,0,0,0,0,0,0,0,16384,1,0,0,0,1328,0,0,1,0,0,28388544,0
35300.4,Running,0,1328,0,0,0,0,24,1,0,0,0,0,0,1,0,0,0,0,0,0,0,0,0,0,16384,1,0,0,0,1328,0,0,1,0,0,28388544,0
35400.6,Running,0,1328,0,0,0,0,24,1,0,0,0,0,0,1,0,0,0,0,0,0,0,0,0,0,16384,1,0,0,0,1328,0,0,1,0,0,28388544,0
35500.5,Running,0,1328,0,0,0,0,24,1,0,0,0,0,0,1,0,0,0,0,0,0,0,0,0,0,16384,1,0,0,0,1328,0,0,1,0,0,28388544,0
35600.6,Running,0,1328,0,0,0,0,24,1,0,0,0,0,0,1,0,0,0,0,0,0,0,0,0,0,16384,1,0,0,0,1328,0,0,1,0,0,28388544,0
35700.6,Running,0,1328,0,0,0,0,24,1,0,0,0,0,0,1,0,0,0,0,0,0,0,0,0,0,16384,1,0,0,0,1328,0,0,1,0,0,28388544,0
35800.4,Running,0,1328,0,0,0,0,24,1,0,0,0,0,0,1,0,0,0,0,0,0,0,0,0,0,16384,1,0,0,0,1328,0,0,1,0,0,28388544,0
35900.6,Running,0,1328,0,0,0,0,24,1,0,0,0,0,0,1,0,0,0,0,0,0,0,0,0,0,16384,1,0,0,0,1328,0,0,1,0,0,28388544,0
36000.6,Running,0,1328,0,0,0,0,24,1,0,0,0,0,0,1,0,0,0,0,0,0,0,0,0,0,16384,1,0,0,0,1328,0,0,1,0,0,28388544,0
36100.8,Running,0,1328,0,0,0,0,24,1,0,0,0,0,0,1,0,0,0,0,0,0,0,0,0,0,16384,1,0,0,0,1328,0,0,1,0,0,28388544,0
36200.5,Running,0,1328,0,0,0,0,24,1,0,0,0,0,0,1,0,0,0,0,0,0,0,0,0,0,16384,1,0,0,0,1328,0,0,1,0,0,28388544,0
36300.9,Running,0,1328,0,0,0,0,24,1,0,0,0,0,0,1,0,0,0,0,0,0,0,0,0,0,16384,1,0,0,0,1328,0,0,1,0,0,28388544,0
36400.5,Running,0,1328,0,0,0,0,24,1,0,0,0,0,0,1,0,0,0,0,0,0,0,0,0,0,16384,1,0,0,0,1328,0,0,1,0,0,28388544,0
36500.6,Running,0,1328,0,0,0,0,24,1,0,0,0,0,0,1,0,0,0,0,0,0,0,0,0,0,16384,1,0,0,0,1328,0,0,1,0,0,28388544,0
36600.5,Running,0,1328,0,0,0,0,24,1,0,0,0,0,0,1,0,0,0,0,0,0,0,0,0,0,16384,1,0,0,0,1328,0,0,1,0,0,28388544,0
36700.5,Running,0,1328,0,0,0,0,24,1,0,0,0,0,0,1,0,0,0,0,0,0,0,0,0,0,16384,1,0,0,0,1328,0,0,1,0,0,28388544,0
36800.4,Running,0,1328,0,0,0,0,24,1,0,0,0,0,0,1,0,0,0,0,0,0,0,0,0,0,16384,1,0,0,0,1328,0,0,1,0,0,28388544,0
36900.6,Running,0,1328,0,0,0,0,24,1,0,0,0,0,0,1,0,0,0,0,0,0,0,0,0,0,16384,1,0,0,0,1328,0,0,1,0,0,28388544,0
37000.3,Running,0,1328,0,0,0,0,24,1,0,0,0,0,0,1,0,0,0,0,0,0,0,0,0,0,16384,1,0,0,0,1328,0,0,1,0,0,28388544,0
37100.7,Running,0,1328,0,0,0,0,24,1,0,0,0,0,0,1,0,0,0,0,0,0,0,0,0,0,16384,1,0,0,0,1328,0,0,1,0,0,28388544,0
37200.9,Running,0,1328,0,0,0,0,24,1,0,0,0,0,0,1,0,0,0,0,0,0,0,0,0,0,16384,1,0,0,0,1328,0,0,1,0,0,28388544,0
37300.8,Running,0,1328,0,0,0,0,24,1,0,0,0,0,0,1,0,0,0,0,0,0,0,0,0,0,16384,1,0,0,0,1328,0,0,1,0,0,28388544,0
37400.7,Running,0,1328,0,0,0,0,24,1,0,0,0,0,0,1,0,0,0,0,0,0,0,0,0,0,16384,1,0,0,0,1328,0,0,1,0,0,28388544,0
37500.6,Running,0,1328,0,0,0,0,24,1,0,0,0,0,0,1,0,0,0,0,0,0,0,0,0,0,16384,1,0,0,0,1328,0,0,1,0,0,28388544,0
37600.4,Running,0,1328,0,0,0,0,24,1,0,0,0,0,0,1,0,0,0,0,0,0,0,0,0,0,16384,1,0,0,0,1328,0,0,1,0,0,28388544,0
37700.5,Running,0,1328,0,0,0,0,24,1,0,0,0,0,0,1,0,0,0,0,0,0,0,0,0,0,16384,1,0,0,0,1328,0,0,1,0,0,28388544,0
37800.9,Running,0,1328,0,0,0,0,24,1,0,0,0,0,0,1,0,0,0,0,0,0,0,0,0,0,16384,1,0,0,0,1328,0,0,1,0,0,28388544,0
37900.6,Running,0,1328,0,0,0,0,24,1,0,0,0,0,0,1,0,0,0,0,0,0,0,0,0,0,16384,1,0,0,0,1328,0,0,1,0,0,28388544,0
38000.6,Running,0,1328,0,0,0,0,24,1,0,0,0,0,0,1,0,0,0,0,0,0,0,0,0,0,16384,1,0,0,0,1328,0,0,1,0,0,28388544,0
38100.7,Running,0,1328,0,0,0,0,24,1,0,0,0,0,0,1,0,0,0,0,0,0,0,0,0,0,16384,1,0,0,0,1328,0,0,1,0,0,28388544,0
38200.6,Running,0,1328,0,0,0,0,24,1,0,0,0,0,0,1,0,0,0,0,0,0,0,0,0,0,16384,1,0,0,0,1328,0,0,1,0,0,28388544,0
38300.5,Running,0,1328,0,0,0,0,24,1,0,0,0,0,0,1,0,0,0,0,0,0,0,0,0,0,16384,1,0,0,0,1328,0,0,1,0,0,28388544,0
38400.7,Running,0,1328,0,0,0,0,24,1,0,0,0,0,0,1,0,0,0,0,0,0,0,0,0,0,16384,1,0,0,0,1328,0,0,1,0,0,28388544,0
38500.7,Running,0,1328,0,0,0,0,24,1,0,0,0,0,0,1,0,0,0,0,0,0,0,0,0,0,16384,1,0,0,0,1328,0,0,1,0,0,28388544,0
38600.5,Running,0,1328,0,0,0,0,24,1,0,0,0,0,0,1,0,0,0,0,0,0,0,0,0,0,16384,1,0,0,0,1328,0,0,1,0,0,28388544,0
38700.7,Running,0,1328,0,0,0,0,24,1,0,0,0,0,0,1,0,0,0,0,0,0,0,0,0,0,16384,1,0,0,0,1328,0,0,1,0,0,28388544,0
38800.6,Running,0,1328,0,0,0,0,24,1,0,0,0,0,0,1,0,0,0,0,0,0,0,0,0,0,16384,1,0,0,0,1328,0,0,1,0,0,28388544,0
38900.9,Running,0,1328,0,0,0,0,24,1,0,0,0,0,0,1,0,0,0,0,0,0,0,0,0,0,16384,1,0,0,0,1328,0,0,1,0,0,28388544,0
39000.6,Running,0,1328,0,0,0,0,24,1,0,0,0,0,0,1,0,0,0,0,0,0,0,0,0,0,16384,1,0,0,0,1328,0,0,1,0,0,28388544,0
39100.7,Running,0,1328,0,0,0,0,24,1,0,0,0,0,0,1,0,0,0,0,0,0,0,0,0,0,16384,1,0,0,0,1328,0,0,1,0,0,28388544,0
39200.4,Running,0,1328,0,0,0,0,24,1,0,0,0,0,0,1,0,0,0,0,0,0,0,0,0,0,16384,1,0,0,0,1328,0,0,1,0,0,28388544,0
39300.7,Running,0,1328,0,0,0,0,24,1,0,0,0,0,0,1,0,0,0,0,0,0,0,0,0,0,16384,1,0,0,0,1328,0,0,1,0,0,28388544,0
39400.4,Running,0,1328,0,0,0,0,24,1,0,0,0,0,0,1,0,0,0,0,0,0,0,0,0,0,16384,1,0,0,0,1328,0,0,1,0,0,28388544,0
39500.7,Running,0,1328,0,0,0,0,24,1,0,0,0,0,0,1,0,0,0,0,0,0,0,0,0,0,16384,1,0,0,0,1328,0,0,1,0,0,28388544,0
39600.8,Running,0,1328,0,0,0,0,24,1,0,0,0,0,0,1,0,0,0,0,0,0,0,0,0,0,16384,1,0,0,0,1328,0,0,1,0,0,28388544,0
39700.9,Running,0,1328,0,0,0,0,24,1,0,0,0,0,0,1,0,0,0,0,0,0,0,0,0,0,16384,1,0,0,0,1328,0,0,1,0,0,28388544,0
39800.7,Running,0,1328,0,0,0,0,24,1,0,0,0,0,0,1,0,0,0,0,0,0,0,0,0,0,16384,1,0,0,0,1328,0,0,1,0,0,28388544,0
39900.5,Running,0,1328,0,0,0,0,24,1,0,0,0,0,0,1,0,0,0,0,0,0,0,0,0,0,16384,1,0,0,0,1328,0,0,1,0,0,28388544,0
40000.7,Running,0,1328,0,0,0,0,24,1,0,0,0,0,0,1,0,0,0,0,0,0,0,0,0,0,16384,1,0,0,0,1328,0,0,1,0,0,28388544,0
40100.4,Running,0,1328,0,0,0,0,24,1,0,0,0,0,0,1,0,0,0,0,0,0,0,0,0,0,16384,1,0,0,0,1328,0,0,1,0,0,28388544,0
40200.6,Running,0,1328,0,0,0,0,24,1,0,0,0,0,0,1,0,0,0,0,0,0,0,0,0,0,16384,1,0,0,0,1328,0,0,1,0,0,28388544,0
40300.6,Running,0,1328,0,0,0,0,24,1,0,0,0,0,0,1,0,0,0,0,0,0,0,0,0,0,16384,1,0,0,0,1328,0,0,1,0,0,28388544,0
40400.3,Running,0,1328,0,0,0,0,24,1,0,0,0,0,0,1,0,0,0,0,0,0,0,0,0,0,16384,1,0,0,0,1328,0,0,1,0,0,28388544,0
40500.4,Running,0,1328,0,0,0,0,24,1,0,0,0,0,0,1,0,0,0,0,0,0,0,0,0,0,16384,1,0,0,0,1328,0,0,1,0,0,28388544,0
40600.4,Running,0,1328,0,0,0,0,24,1,0,0,0,0,0,1,0,0,0,0,0,0,0,0,0,0,16384,1,0,0,0,1328,0,0,1,0,0,28388544,0
40700.8,Running,0,1328,0,0,0,0,24,1,0,0,0,0,0,1,0,0,0,0,0,0,0,0,0,0,16384,1,0,0,0,1328,0,0,1,0,0,28388544,0
40800.6,Running,0,1328,0,0,0,0,24,1,0,0,0,0,0,1,0,0,0,0,0,0,0,0,0,0,16384,1,0,0,0,1328,0,0,1,0,0,28388544,0
40900.6,Running,0,1328,0,0,0,0,24,1,0,0,0,0,0,1,0,0,0,0,0,0,0,0,0,0,16384,1,0,0,0,1328,0,0,1,0,0,28388544,0
41000.7,Running,0,1328,0,0,0,0,24,1,0,0,0,0,0,1,0,0,0,0,0,0,0,0,0,0,16384,1,0,0,0,1328,0,0,1,0,0,28388544,0
41100.5,Running,0,1328,0,0,0,0,24,1,0,0,0,0,0,1,0,0,0,0,0,0,0,0,0,0,16384,1,0,0,0,1328,0,0,1,0,0,28388544,0
41200.5,Running,0,1328,0,0,0,0,24,1,0,0,0,0,0,1,0,0,0,0,0,0,0,0,0,0,16384,1,0,0,0,1328,0,0,1,0,0,28388544,0
41300.8,Running,0,1328,0,0,0,0,24,1,0,0,0,0,0,1,0,0,0,0,0,0,0,0,0,0,16384,1,0,0,0,1328,0,0,1,0,0,28388544,0
41400.6,Running,0,1328,0,0,0,0,24,1,0,0,0,0,0,1,0,0,0,0,0,0,0,0,0,0,16384,1,0,0,0,1328,0,0,1,0,0,28388544,0
41500.4,Running,0,1328,0,0,0,0,24,1,0,0,0,0,0,1,0,0,0,0,0,0,0,0,0,0,16384,1,0,0,0,1328,0,0,1,0,0,28388544,0
41600.6,Running,0,1328,0,0,0,0,24,1,0,0,0,0,0,1,0,0,0,0,0,0,0,0,0,0,16384,1,0,0,0,1328,0,0,1,0,0,28388544,0
41700.6,Running,0,1328,0,0,0,0,24,1,0,0,0,0,0,1,0,0,0,0,0,0,0,0,0,0,16384,1,0,0,0,1328,0,0,1,0,0,28388544,0
41800.6,Running,0,1328,0,0,0,0,24,1,0,0,0,0,0,1,0,0,0,0,0,0,0,0,0,0,16384,1,0,0,0,1328,0,0,1,0,0,28388544,0
41900.7,Running,0,1328,0,0,0,0,24,1,0,0,0,0,0,1,0,0,0,0,0,0,0,0,0,0,16384,1,0,0,0,1328,0,0,1,0,0,28388544,0
42000.5,Running,0,1328,0,0,0,0,24,1,0,0,0,0,0,1,0,0,0,0,0,0,0,0,0,0,16384,1,0,0,0,1328,0,0,1,0,0,28388544,0
42100.7,Running,0,1328,0,0,0,0,24,1,0,0,0,0,0,1,0,0,0,0,0,0,0,0,0,0,16384,1,0,0,0,1328,0,0,1,0,0,28388544,0
42200.4,Running,0,1328,0,0,0,0,24,1,0,0,0,0,0,1,0,0,0,0,0,0,0,0,0,0,16384,1,0,0,0,1328,0,0,1,0,0,28388544,0
42300.6,Running,0,1328,0,0,0,0,24,1,0,0,0,0,0,1,0,0,0,0,0,0,0,0,0,0,16384,1,0,0,0,1328,0,0,1,0,0,28388544,0
42400.9,Running,0,1328,0,0,0,0,24,1,0,0,0,0,0,1,0,0,0,0,0,0,0,0,0,0,16384,1,0,0,0,1328,0,0,1,0,0,28388544,0
42500.8,Running,0,1328,0,0,0,0,24,1,0,0,0,0,0,1,0,0,0,0,0,0,0,0,0,0,16384,1,0,0,0,1328,0,0,1,0,0,28388544,0
42600.3,Running,0,1328,0,0,0,0,24,1,0,0,0,0,0,1,0,0,0,0,0,0,0,0,0,0,16384,1,0,0,0,1328,0,0,1,0,0,28388544,0
42700.9,Running,0,1328,0,0,0,0,24,1,0,0,0,0,0,1,0,0,0,0,0,0,0,0,0,0,16384,1,0,0,0,1328,0,0,1,0,0,28388544,0
42800.5,Running,0,1328,0,0,0,0,24,1,0,0,0,0,0,1,0,0,0,0,0,0,0,0,0,0,16384,1,0,0,0,1328,0,0,1,0,0,28388544,0
42900.7,Running,0,1328,0,0,0,0,24,1,0,0,0,0,0,1,0,0,0,0,0,0,0,0,0,0,16384,1,0,0,0,1328,0,0,1,0,0,28388544,0
43000.7,Running,0,1328,0,0,0,0,24,1,0,0,0,0,0,1,0,0,0,0,0,0,0,0,0,0,16384,1,0,0,0,1328,0,0,1,0,0,28388544,0
43100.9,Running,0,1328,0,0,0,0,24,1,0,0,0,0,0,1,0,0,0,0,0,0,0,0,0,0,16384,1,0,0,0,1328,0,0,1,0,0,28388544,0
43200.7,Running,0,1328,0,0,0,0,24,1,0,0,0,0,0,1,0,0,0,0,0,0,0,0,0,0,16384,1,0,0,0,1328,0,0,1,0,0,28388544,0
43300.8,Running,0,1328,0,0,0,0,24,1,0,0,0,0,0,1,0,0,0,0,0,0,0,0,0,0,16384,1,0,0,0,1328,0,0,1,0,0,28388544,0
43400.6,Running,0,1328,0,0,0,0,24,1,0,0,0,0,0,1,0,0,0,0,0,0,0,0,0,0,16384,1,0,0,0,1328,0,0,1,0,0,28388544,0
43500.5,Running,0,1328,0,0,0,0,24,1,0,0,0,0,0,1,0,0,0,0,0,0,0,0,0,0,16384,1,0,0,0,1328,0,0,1,0,0,28388544,0
43600.8,Running,0,1328,0,0,0,0,24,1,0,0,0,0,0,1,0,0,0,0,0,0,0,0,0,0,16384,1,0,0,0,1328,0,0,1,0,0,28388544,0
43700.7,Running,0,1328,0,0,0,0,24,1,0,0,0,0,0,1,0,0,0,0,0,0,0,0,0,0,16384,1,0,0,0,1328,0,0,1,0,0,28388544,0
43800.6,Running,0,1328,0,0,0,0,24,1,0,0,0,0,0,1,0,0,0,0,0,0,0,0,0,0,16384,1,0,0,0,1328,0,0,1,0,0,28388544,0
43900.8,Running,0,1328,0,0,0,0,24,1,0,0,0,0,0,1,0,0,0,0,0,0,0,0,0,0,16384,1,0,0,0,1328,0,0,1,0,0,28388544,0
44000.8,Running,0,1328,0,0,0,0,24,1,0,0,0,0,0,1,0,0,0,0,0,0,0,0,0,0,16384,1,0,0,0,1328,0,0,1,0,0,28388544,0
44100.8,Running,0,1328,0,0,0,0,24,1,0,0,0,0,0,1,0,0,0,0,0,0,0,0,0,0,16384,1,0,0,0,1328,0,0,1,0,0,28388544,0
44200.4,Running,0,1328,0,0,0,0,24,1,0,0,0,0,0,1,0,0,0,0,0,0,0,0,0,0,16384,1,0,0,0,1328,0,0,1,0,0,28388544,0
44300.8,Running,0,1328,0,0,0,0,24,1,0,0,0,0,0,1,0,0,0,0,0,0,0,0,0,0,16384,1,0,0,0,1328,0,0,1,0,0,28388544,0
44400.6,Running,0,1328,0,0,0,0,24,1,0,0,0,0,0,1,0,0,0,0,0,0,0,0,0,0,16384,1,0,0,0,1328,0,0,1,0,0,28388544,0
44500.5,Running,0,1328,0,0,0,0,24,1,0,0,0,0,0,1,0,0,0,0,0,0,0,0,0,0,16384,1,0,0,0,1328,0,0,1,0,0,28388544,0
44600.7,Running,0,1328,0,0,0,0,24,1,0,0,0,0,0,1,0,0,0,0,0,0,0,0,0,0,16384,1,0,0,0,1328,0,0,1,0,0,28388544,0
44700.4,Running,0,1328,0,0,0,0,24,1,0,0,0,0,0,1,0,0,0,0,0,0,0,0,0,0,16384,1,0,0,0,1328,0,0,1,0,0,28388544,0
44800.8,Running,0,1328,0,0,0,0,24,1,0,0,0,0,0,1,0,0,0,0,0,0,0,0,0,0,16384,1,0,0,0,1328,0,0,1,0,0,28388544,0
44901.0,Running,0,1328,0,0,0,0,24,1,0,0,0,0,0,1,0,0,0,0,0,0,0,0,0,0,16384,1,0,0,0,1328,0,0,1,0,0,28388544,0
45000.5,Running,0,1328,0,0,0,0,24,1,0,0,0,0,0,1,0,0,0,0,0,0,0,0,0,0,16384,1,0,0,0,1328,0,0,1,0,0,28388544,0
45100.7,Running,0,1328,0,0,0,0,24,1,0,0,0,0,0,1,0,0,0,0,0,0,0,0,0,0,16384,1,0,0,0,1328,0,0,1,0,0,28388544,0
45200.3,Running,0,1328,0,0,0,0,24,1,0,0,0,0,0,1,0,0,0,0,0,0,0,0,0,0,16384,1,0,0,0,1328,0,0,1,0,0,28388544,0
45300.4,Running,0,1328,0,0,0,0,24,1,0,0,0,0,0,1,0,0,0,0,0,0,0,0,0,0,16384,1,0,0,0,1328,0,0,1,0,0,28388544,0
45401.0,Running,0,1328,0,0,0,0,24,1,0,0,0,0,0,1,0,0,0,0,0,0,0,0,0,0,16384,1,0,0,0,1328,0,0,1,0,0,28388544,0
45500.4,Running,0,1332,0,0,0,14,18,13,0,1,1396648,4970448,0,1,0,0,28388544,0,0,0,0,0,0,0,16384,0,2,3,0,1332,0,4,1,0,0,28388544,0
45600.7,Running,0,1338,0,0,0,14,18,13,0,1,1396648,4970448,0,1,0,0,28388544,0,0,0,0,0,0,0,16384,0,2,3,0,1338,0,10,1,0,0,28388544,0
45700.6,Running,0,1344,0,0,0,14,18,13,0,1,1396648,4970448,0,1,0,0,28388544,0,0,0,0,0,0,0,16384,0,2,3,0,1344,0,16,1,0,0,28388544,0
45800.8,Running,0,1350,0,0,0,14,18,13,0,1,1396648,4970448,0,1,0,0,28388544,0,0,0,0,0,0,0,16384,0,2,3,0,1350,0,22,1,0,0,28388544,0
45900.6,Running,0,1356,0,0,0,14,18,13,0,1,1396648,4970448,0,1,0,0,28388544,0,0,0,0,0,0,0,16384,0,2,3,0,1356,0,28,1,0,0,28388544,0
46000.4,Running,0,1362,0,0,0,14,18,13,0,1,1396648,4970448,0,1,0,0,28388544,0,0,0,0,0,0,0,16384,0,2,3,0,1362,0,34,1,0,0,28388544,0
46100.3,Running,0,1368,0,0,0,14,18,13,0,1,1396648,4970448,0,1,0,0,28388544,0,0,0,0,0,0,0,16384,0,2,3,0,1368,0,40,1,0,0,28388544,0
46200.5,Running,0,1378,0,0,0,14,25,14,0,1,1396648,4970448,0,1,0,0,28388544,0,0,0,0,0,0,0,16384,0,4,4,0,1378,0,46,1,0,0,28388544,0
46300.8,Running,0,1394,0,0,0,14,25,14,0,1,1396648,4970448,0,1,0,0,28388544,0,0,0,0,0,0,0,16384,0,4,4,0,1394,0,52,1,0,0,28388544,0
46400.7,Running,0,1410,0,0,0,14,25,14,0,1,1396648,4970448,0,1,0,0,28388544,0,0,0,0,0,0,0,16384,0,4,4,0,1410,0,58,1,0,0,28388544,0
46501.0,Running,0,1427,0,0,0,14,25,14,0,1,1396648,4970448,0,1,0,0,28388544,0,0,0,0,0,0,0,16384,0,4,4,0,1427,0,64,1,0,0,28388544,0
46600.5,Running,0,1443,0,0,0,14,25,14,0,1,1396648,4970448,0,1,0,0,28388544,0,0,0,0,0,0,0,16384,0,4,4,0,1443,0,70,1,0,0,28388544,0
46700.8,Running,0,1458,0,0,0,14,25,14,0,1,1396648,4970448,0,1,0,0,28388544,0,0,0,0,0,0,0,16384,0,4,4,0,1458,0,76,1,0,0,28388544,0
46800.8,Running,0,1472,0,0,0,14,25,14,0,1,1396648,4970448,0,1,0,0,28388544,0,0,0,0,0,0,0,16384,0,4,4,0,1472,0,82,1,0,0,28388544,0
46900.7,Running,0,1488,0,0,0,14,18,13,0,1,1396648,4970448,0,1,0,0,28388544,0,0,0,0,0,0,0,16384,0,4,4,0,1488,0,88,1,0,0,28388544,0
47000.3,Running,0,1503,0,0,0,14,25,14,0,1,1396648,4970448,0,1,0,0,28388544,0,0,0,0,0,0,0,16384,0,4,4,0,1503,0,94,1,0,0,28388544,0
47100.3,Running,0,1518,0,0,0,14,25,14,0,1,1396648,4970448,0,1,0,0,28388544,0,0,0,0,0,0,0,16384,0,4,4,0,1518,0,100,1,0,0,28388544,0
47200.9,Running,0,1533,0,0,0,14,25,14,0,1,1396648,4970448,0,1,0,0,28388544,0,0,0,0,0,0,0,16384,0,4,4,0,1533,0,106,1,0,0,28388544,0
47300.7,Running,0,1548,0,0,0,14,25,14,0,1,1396648,4970448,0,1,0,0,28388544,0,0,0,0,0,0,0,16384,0,4,4,0,1548,0,112,1,0,0,28388544,0
47400.4,Running,0,1563,0,0,0,14,25,14,0,1,1396648,4970448,0,1,0,0,28388544,0,0,0,0,0,0,0,16384,0,4,4,0,1563,0,118,1,0,0,28388544,0
47500.4,Running,0,1578,0,0,0,14,25,14,0,1,1396648,4970448,0,1,0,0,28388544,0,0,0,0,0,0,0,16384,0,4,4,0,1578,0,124,1,0,0,28388544,0
47600.4,Running,0,1592,0,0,0,14,25,14,0,1,1396648,4970448,0,1,0,0,28388544,0,0,0,0,0,0,0,16384,0,4,4,0,1592,0,130,1,0,0,28388544,0
47700.4,Running,0,1601,0,0,0,14,25,14,0,1,1396648,4970448,0,1,0,0,28388544,0,0,0,0,0,0,0,16384,0,4,4,0,1601,0,136,1,0,0,28388544,0
47800.7,Running,0,1610,0,0,0,14,25,14,0,1,1396648,4970448,0,1,0,0,28388544,0,0,0,0,0,0,0,16384,0,4,4,0,1610,0,142,1,0,0,28388544,0
47900.7,Running,0,1620,0,0,0,14,25,14,0,1,1396648,4970448,0,1,0,0,28388544,0,0,0,0,0,0,0,16384,0,4,4,0,1620,0,148,1,0,0,28388544,0
48000.8,Running,0,1629,0,0,0,14,25,14,0,1,1396648,4970448,0,1,0,0,28388544,0,0,0,0,0,0,0,16384,0,4,4,0,1629,0,154,1,0,0,28388544,0
48100.9,Running,0,1638,0,0,0,14,25,14,0,1,1396648,4970448,0,1,0,0,28388544,0,0,0,0,0,0,0,16384,0,4,4,0,1638,0,160,1,0,0,28388544,0
48200.6,Running,0,1647,0,0,0,14,25,14,0,1,1396648,4970448,0,1,0,0,28388544,0,0,0,0,0,0,0,16384,0,4,4,0,1647,0,166,1,0,0,28388544,0
48300.7,Running,0,1657,0,0,0,14,25,14,0,1,1396648,4970448,0,1,0,0,28388544,0,0,0,0,0,0,0,16384,0,4,4,0,1657,0,172,1,0,0,28388544,0
48400.4,Running,0,1666,0,0,0,14,25,14,0,1,1396648,4970448,0,1,0,0,28388544,0,0,0,0,0,0,0,16384,0,4,4,0,1666,0,178,1,0,0,28388544,0
48500.7,Running,0,1681,0,0,0,14,25,14,0,1,1396648,4970448,0,1,0,0,28388544,0,0,0,0,0,0,0,16384,0,4,4,0,1681,0,184,1,0,0,28388544,0
48600.7,Running,0,1696,0,0,0,14,25,14,0,1,1396648,4970448,0,1,0,0,28388544,0,0,0,0,0,0,0,16384,0,4,4,0,1696,0,190,1,0,0,28388544,0
48700.8,Running,0,1708,0,0,0,14,25,14,0,1,1396648,4970448,0,1,0,0,28388544,0,0,0,0,0,0,0,16384,0,4,4,0,1708,0,196,1,0,0,28388544,0
48800.7,Running,0,1718,0,0,0,14,25,14,0,1,1396648,4970448,0,1,0,0,28388544,0,0,0,0,0,0,0,16384,0,4,4,0,1718,0,202,1,0,0,28388544,0
48900.4,Running,0,1733,0,0,0,14,25,14,0,1,1396648,4970448,0,1,0,0,28388544,0,0,0,0,0,0,0,16384,0,4,4,0,1733,0,208,1,0,0,28388544,0
49000.4,Running,0,1748,0,0,0,14,25,14,0,1,1396648,4970448,0,1,0,0,28388544,0,0,0,0,0,0,0,16384,0,4,4,0,1748,0,214,1,0,0,28388544,0
49100.6,Running,0,1761,0,0,0,14,25,14,0,1,1396648,4970448,0,1,0,0,28388544,0,0,0,0,0,0,0,16384,0,4,4,0,1761,0,220,1,0,0,28388544,0
49200.4,Running,0,1770,0,0,0,14,25,14,0,1,1396648,4970448,0,1,0,0,28388544,0,0,0,0,0,0,0,16384,0,4,4,0,1770,0,226,1,0,0,28388544,0
49300.4,Running,0,1779,0,0,0,14,25,14,0,1,1396648,4970448,0,1,0,0,28388544,0,0,0,0,0,0,0,16384,0,4,4,0,1779,0,232,1,0,0,28388544,0
49400.5,Running,0,1788,0,0,0,14,25,14,0,1,1396648,4970448,0,1,0,0,28388544,0,0,0,0,0,0,0,16384,0,4,4,0,1788,0,238,1,0,0,28388544,0
49500.4,Running,0,1797,0,0,0,14,25,14,0,1,1396648,4970448,0,1,0,0,28388544,0,0,0,0,0,0,0,16384,0,4,4,0,1797,0,244,1,0,0,28388544,0
49600.8,Running,0,1807,0,0,0,14,25,14,0,1,1396648,4970448,0,1,0,0,28388544,0,0,0,0,0,0,0,16384,0,4,4,0,1807,0,250,1,0,0,28388544,0
49700.5,Running,0,1816,0,0,0,14,25,14,0,1,1396648,4970448,0,1,0,0,28388544,0,0,0,0,0,0,0,16384,0,4,4,0,1816,0,256,1,0,0,28388544,0
49800.9,Running,0,1825,0,0,0,14,25,14,0,1,1396648,4970448,0,1,0,0,28388544,0,0,0,0,0,0,0,16384,0,4,4,0,1825,0,262,1,0,0,28388544,0
49900.8,Running,0,1834,0,0,0,14,25,14,0,1,1396648,4970448,0,1,0,0,28388544,0,0,0,0,0,0,0,16384,0,4,4,0,1834,0,268,1,0,0,28388544,0
50000.4,Running,0,1848,0,0,0,14,25,14,0,1,1396648,4970448,0,1,0,0,28388544,0,0,0,0,0,0,0,16384,0,4,4,0,1848,0,274,1,0,0,28388544,0
50100.8,Running,0,1863,0,0,0,14,25,14,0,1,1396648,4970448,0,1,0,0,28388544,0,0,0,0,0,0,0,16384,0,4,4,0,1863,0,280,1,0,0,28388544,0
50200.9,Running,0,1878,0,0,0,14,25,14,0,1,1396648,4970448,0,1,0,0,28388544,0,0,0,0,0,0,0,16384,0,4,4,0,1878,0,286,1,0,0,28388544,0
50300.5,Running,0,1893,0,0,0,14,25,14,0,1,1396648,4970448,0,1,0,0,28388544,0,0,0,0,0,0,0,16384,0,4,4,0,1893,0,292,1,0,0,28388544,0
50400.8,Running,0,1909,0,0,0,14,25,14,0,1,1396648,4970448,0,1,0,0,28388544,0,0,0,0,0,0,0,16384,0,4,4,0,1909,0,298,1,0,0,28388544,0
50500.8,Running,0,1924,0,0,0,14,25,14,0,1,1396648,4970448,0,1,0,0,28388544,0,0,0,0,0,0,0,16384,0,4,4,0,1924,0,304,1,0,0,28388544,0
50600.7,Running,0,1939,0,0,0,14,25,14,0,1,1396648,4970448,0,1,0,0,28388544,0,0,0,0,0,0,0,16384,0,4,4,0,1939,0,310,1,0,0,28388544,0
50700.9,Running,0,1954,0,0,0,14,25,14,0,1,1396648,4970448,0,1,0,0,28388544,0,0,0,0,0,0,0,16384,0,4,4,0,1954,0,316,1,0,0,28388544,0
50800.5,Running,0,1969,0,0,0,14,25,14,0,1,1396648,4970448,0,1,0,0,28388544,0,0,0,0,0,0,0,16384,0,4,4,0,1969,0,322,1,0,0,28388544,0
50900.4,Running,0,1985,0,0,0,14,25,14,0,1,1396648,4970448,0,1,0,0,28388544,0,0,0,0,0,0,0,16384,0,4,4,0,1985,0,328,1,0,0,28388544,0
51001.1,Running,0,2000,0,0,0,14,25,14,0,1,1396648,4970448,0,1,0,0,28388544,0,0,0,0,0,0,0,16384,0,4,4,0,2000,0,334,1,0,0,28388544,0
51100.9,Running,0,2015,0,0,0,14,25,14,0,1,1396648,4970448,0,1,0,0,28388544,0,0,0,0,0,0,0,16384,0,4,4,0,2015,0,340,1,0,0,28388544,0
51200.9,Running,0,2028,0,0,0,14,25,14,0,1,1396648,4970448,0,1,0,0,28388544,0,0,0,0,0,0,0,16384,0,4,4,0,2028,0,346,1,0,0,28388544,0
51300.3,Running,0,2037,0,0,0,14,25,14,0,1,1396648,4970448,0,1,0,0,28388544,0,0,0,0,0,0,0,16384,0,4,4,0,2037,0,352,1,0,0,28388544,0
51400.8,Running,0,2047,0,0,0,14,25,14,0,1,1396648,4970448,0,1,0,0,28388544,0,0,0,0,0,0,0,16384,0,4,4,0,2047,0,358,1,0,0,28388544,0
51500.5,Running,0,2056,0,0,0,14,25,14,0,1,1396648,4970448,0,1,0,0,28388544,0,0,0,0,0,0,0,16384,0,4,4,0,2056,0,364,1,0,0,28388544,0
51600.8,Running,0,2065,0,0,0,14,25,14,0,1,1396648,4970448,0,1,0,0,28388544,0,0,0,0,0,0,0,16384,0,4,4,0,2065,0,370,1,0,0,28388544,0
51700.8,Running,0,2074,0,1,0,14,25,14,0,1,1396648,4970448,0,1,0,1,28388544,0,0,0,0,0,0,0,16384,0,4,4,0,2073,1,376,1,0,0,28388544,0
51800.3,Running,0,2090,0,0,0,14,25,14,0,1,1396648,4970448,0,1,0,0,28388544,0,0,0,0,0,0,0,16384,0,4,4,0,2090,0,382,1,0,0,28388544,0
51900.3,Running,0,2105,0,0,0,14,25,14,0,1,1396648,4970448,0,1,0,0,28388544,0,0,0,0,0,0,0,16384,0,4,4,0,2105,0,388,1,0,0,28388544,0
52000.5,Running,0,2120,0,1,0,14,25,14,0,1,1396648,4970448,0,1,0,1,28388544,0,0,0,0,0,0,0,16384,1,4,4,0,2119,1,394,1,0,0,28388544,0
52100.6,Running,0,2136,0,0,0,14,25,14,0,1,1396648,4970448,0,1,0,0,28388544,0,0,0,0,0,0,0,16384,0,4,4,0,2136,0,400,1,0,0,28388544,0
52200.5,Running,0,2152,0,0,0,14,25,14,0,1,1396648,4970448,0,1,0,0,28388544,0,0,0,0,0,0,0,16384,0,4,4,0,2152,0,406,1,0,0,28388544,0
52300.6,Running,0,2167,0,0,0,14,25,14,0,1,1396648,4970448,0,1,0,0,28388544,0,0,0,0,0,0,0,16384,0,4,4,0,2167,0,412,1,0,0,28388544,0
52400.4,Running,0,2182,0,0,0,14,25,14,0,1,1396648,4970448,0,1,0,0,28388544,0,0,0,0,0,0,0,16384,0,4,4,0,2182,0,418,1,0,0,28388544,0
52500.5,Running,0,2196,0,0,0,14,25,14,0,1,1396648,4970448,0,1,0,0,28388544,0,0,0,0,0,0,0,16384,0,4,4,0,2196,0,424,1,0,0,28388544,0
52600.3,Running,0,2211,0,0,0,14,25,14,0,1,1396648,4970448,0,1,0,0,28388544,0,0,0,0,0,0,0,16384,0,4,4,0,2211,0,430,1,0,0,28388544,0
52700.9,Running,0,2226,0,0,0,14,25,14,0,1,1396648,4970448,0,1,0,0,28388544,0,0,0,0,0,0,0,16384,0,4,4,0,2226,0,436,1,0,0,28388544,0
52800.6,Running,0,2241,0,0,0,14,25,14,0,1,1396648,4970448,0,1,0,0,28388544,0,0,0,0,0,0,0,16384,0,4,4,0,2241,0,442,1,0,0,28388544,0
52900.9,Running,0,2256,0,0,0,14,25,14,0,1,1396648,4970448,0,1,0,0,28388544,0,0,0,0,0,0,0,16384,0,4,4,0,2256,0,448,1,0,0,28388544,0
53000.3,Running,0,2270,0,1,0,14,25,14,0,1,1396648,4970448,0,1,0,1,28388544,0,0,0,0,0,0,0,16384,0,4,4,0,2269,1,454,1,0,0,28388544,0
53100.5,Running,0,2285,0,1,0,14,25,14,0,1,1396648,4970448,0,1,0,1,28388544,0,0,0,0,0,0,0,16384,0,4,4,0,2284,1,460,1,0,0,28388544,0
53200.5,Running,0,2301,0,1,0,14,25,14,0,1,1396648,4970448,0,1,0,1,28388544,0,0,0,0,0,0,0,16384,0,4,4,0,2300,1,466,1,0,0,28388544,0
53300.8,Running,0,2312,0,1,0,14,25,14,0,1,1396648,4970448,0,1,0,1,28388544,0,0,0,0,0,0,0,16384,0,4,4,0,2311,1,472,1,0,0,28388544,0
53400.5,Running,0,2320,0,0,0,14,16,12,1,1,1396648,4970448,0,1,0,0,28388544,0,0,0,0,0,0,0,16384,0,4,4,0,2320,0,477,1,0,0,28388544,0
53500.9,Running,0,2329,0,0,0,14,24,1,0,1,1396648,4970448,0,1,0,0,28388544,0,0,0,0,0,0,0,16384,1,4,4,0,2329,0,484,1,0,0,28388544,0
53600.8,Running,0,2338,0,0,0,14,18,13,0,1,1396648,4970448,0,1,0,0,28388544,0,0,0,0,0,0,0,16384,1,4,4,0,2338,0,489,1,0,0,28388544,0
53700.8,Running,0,2348,0,0,0,14,16,12,2,1,1396648,4970448,0,1,0,0,28388544,0,0,0,0,0,0,0,16384,0,4,4,0,2348,0,495,1,0,0,28388544,0
53800.7,Running,0,2357,0,0,0,14,25,14,0,1,1396648,4970448,0,1,0,0,28388544,0,0,0,0,0,0,0,16384,0,4,4,0,2357,0,501,1,0,0,28388544,0
53901.0,Running,0,2368,0,0,0,14,16,12,1,1,1396648,4970448,0,1,0,0,28388544,0,0,0,0,0,0,0,16384,0,4,4,0,2368,0,507,1,0,0,28388544,0
54000.6,Running,0,2383,0,0,0,14,25,14,0,1,1396648,4970448,0,1,0,0,28388544,0,0,0,0,0,0,0,16384,0,4,4,0,2383,0,513,1,0,0,28388544,0
54100.7,Running,0,2398,0,0,0,14,25,14,0,1,1396648,4970448,0,1,0,0,28388544,0,0,0,0,0,0,0,16384,0,4,4,0,2398,0,519,1,0,0,28388544,0
54200.7,Running,0,2413,0,0,0,14,25,14,0,1,1396648,4970448,0,1,0,0,28388544,0,0,0,0,0,0,0,16384,0,4,4,0,2413,0,525,1,0,0,28388544,0
54300.3,Running,0,2427,0,1,0,14,25,14,0,1,1396648,4970448,0,1,0,1,28388544,0,0,0,0,0,0,0,16384,1,4,4,0,2426,1,531,1,0,0,28388544,0
54400.5,Running,0,2441,0,0,0,14,25,14,0,1,1396648,4970448,0,1,0,0,28388544,0,0,0,0,0,0,0,16384,0,4,4,0,2441,0,537,1,0,0,28388544,0
54500.3,Running,0,2454,0,0,0,14,25,14,0,1,1396648,4970448,0,1,0,0,28388544,0,0,0,0,0,0,0,16384,0,4,4,0,2454,0,543,1,0,0,28388544,0
54600.4,Running,0,2470,0,0,0,14,25,14,0,1,1396648,4970448,0,1,0,0,28388544,0,0,0,0,0,0,0,16384,0,4,4,0,2470,0,549,1,0,0,28388544,0
54700.8,Running,0,2483,0,0,0,14,25,14,0,1,1396648,4970448,0,1,0,0,28388544,0,0,0,0,0,0,0,16384,0,4,4,0,2483,0,555,1,0,0,28388544,0
54800.4,Running,0,2497,0,1,0,14,25,14,1,1,1396648,4970448,0,1,0,1,28388544,0,0,0,0,0,0,0,16384,1,4,4,0,2496,1,561,1,0,0,28388544,0
54900.4,Running,0,2512,0,0,0,14,25,14,0,1,1396648,4970448,0,1,0,0,28388544,0,0,0,0,0,0,0,16384,0,4,4,0,2512,0,567,1,0,0,28388544,0
55000.7,Running,0,2526,0,0,0,14,25,14,0,1,1396648,4970448,0,1,0,0,28388544,0,0,0,0,0,0,0,16384,0,4,4,0,2526,0,573,1,0,0,28388544,0
55100.8,Running,0,2541,0,0,0,14,25,14,0,1,1396648,4970448,0,1,0,0,28388544,0,0,0,0,0,0,0,16384,0,4,4,0,2541,0,579,1,0,0,28388544,0
55200.7,Running,0,2556,0,0,0,14,25,14,0,1,1396648,4970448,0,1,0,0,28388544,0,0,0,0,0,0,0,16384,0,4,4,0,2556,0,585,1,0,0,28388544,0
55300.5,Running,0,2569,0,0,0,14,25,14,0,1,1396648,4970448,0,1,0,0,28388544,0,0,0,0,0,0,0,16384,0,4,4,0,2569,0,591,1,0,0,28388544,0
55400.4,Running,0,2585,0,0,0,14,25,14,0,1,1396648,4970448,0,1,0,0,28388544,0,0,0,0,0,0,0,16384,0,4,4,0,2585,0,597,1,0,0,28388544,0
55500.4,Running,0,2598,0,0,0,14,25,14,0,1,1396648,4970448,0,1,0,0,28388544,0,0,0,0,0,0,0,16384,0,4,4,0,2598,0,603,1,0,0,28388544,0
55600.4,Running,0,2613,0,0,0,14,25,14,0,1,1396648,4970448,0,1,0,0,28388544,0,0,0,0,0,0,0,16384,0,4,4,0,2613,0,609,1,0,0,28388544,0
55700.5,Running,0,2627,0,0,0,14,25,14,0,1,1396648,4970448,0,1,0,0,28388544,0,0,0,0,0,0,0,16384,0,4,4,0,2627,0,615,1,0,0,28388544,0
55800.9,Running,0,2641,0,1,0,14,25,14,0,1,1396648,4970448,0,1,0,1,28388544,0,0,0,0,0,0,0,16384,1,4,4,0,2640,1,621,1,0,0,28388544,0
55900.6,Running,0,2655,0,0,0,14,25,14,0,1,1396648,4970448,0,1,0,0,28388544,0,0,0,0,0,0,0,16384,0,4,4,0,2655,0,627,1,0,0,28388544,0
56000.8,Running,0,2668,0,0,0,14,25,14,0,1,1396648,4970448,0,1,0,0,28388544,0,0,0,0,0,0,0,16384,0,4,4,0,2668,0,633,1,0,0,28388544,0
56100.4,Running,0,2683,0,0,0,14,25,14,0,1,1396648,4970448,0,1,0,0,28388544,0,0,0,0,0,0,0,16384,0,4,4,0,2683,0,639,1,0,0,28388544,0
56200.5,Running,0,2698,0,0,0,14,25,14,0,1,1396648,4970448,0,1,0,0,28388544,0,0,0,0,0,0,0,16384,0,4,4,0,2698,0,645,1,0,0,28388544,0
56300.5,Running,0,2713,0,0,0,14,25,14,0,1,1396648,4970448,0,1,0,0,28388544,0,0,0,0,0,0,0,16384,0,4,4,0,2713,0,651,1,0,0,28388544,0
56400.7,Running,0,2728,0,0,0,14,25,14,0,1,1396648,4970448,0,1,0,0,28388544,0,0,0,0,0,0,0,16384,0,4,4,0,2728,0,657,1,0,0,28388544,0
56500.6,Running,0,2743,0,0,0,14,25,14,0,1,1396648,4970448,0,1,0,0,28388544,0,0,0,0,0,0,0,16384,0,4,4,0,2743,0,663,1,0,0,28388544,0
56600.4,Running,0,2758,0,0,0,14,25,14,0,1,1396648,4970448,0,1,0,0,28388544,0,0,0,0,0,0,0,16384,0,4,4,0,2758,0,669,1,0,0,28388544,0
56700.5,Running,0,2772,0,0,0,14,25,14,0,1,1396648,4970448,0,1,0,0,28388544,0,0,0,0,0,0,0,16384,0,4,4,0,2772,0,675,1,0,0,28388544,0
56800.8,Running,0,2786,0,1,0,14,25,14,0,1,1396648,4970448,0,1,0,1,28388544,0,0,0,0,0,0,0,16384,1,4,4,0,2785,1,681,1,0,0,28388544,0
56900.6,Running,0,2800,0,0,0,14,25,14,0,1,1396648,4970448,0,1,0,0,28388544,0,0,0,0,0,0,0,16384,0,4,4,0,2800,0,687,1,0,0,28388544,0
57000.4,Running,0,2815,0,0,0,14,25,14,0,1,1396648,4970448,0,1,0,0,28388544,0,0,0,0,0,0,0,16384,0,4,4,0,2815,0,693,1,0,0,28388544,0
57100.6,Running,0,2830,0,0,0,14,25,14,0,1,1396648,4970448,0,1,0,0,28388544,0,0,0,0,0,0,0,16384,0,4,4,0,2830,0,699,1,0,0,28388544,0
57200.3,Running,0,2843,0,0,0,14,25,14,0,1,1396648,4970448,0,1,0,0,28388544,0,0,0,0,0,0,0,16384,0,4,4,0,2843,0,705,1,0,0,28388544,0
57300.9,Running,0,2857,0,1,0,14,25,14,0,1,1396648,4970448,0,1,0,1,28388544,0,0,0,0,0,0,0,16384,1,4,4,0,2856,1,711,1,0,0,28388544,0
57400.6,Running,0,2871,0,0,0,14,25,14,0,1,1396648,4970448,0,1,0,0,28388544,0,0,0,0,0,0,0,16384,0,4,4,0,2871,0,717,1,0,0,28388544,0
57500.5,Running,0,2886,0,0,0,14,25,14,0,1,1396648,4970448,0,1,0,0,28388544,0,0,0,0,0,0,0,16384,0,4,4,0,2886,0,723,1,0,0,28388544,0
57600.9,Running,0,2902,0,0,0,14,25,14,0,1,1396648,4970448,0,1,0,0,28388544,0,0,0,0,0,0,0,16384,0,4,4,0,2902,0,729,1,0,0,28388544,0
57700.6,Running,0,2917,0,0,0,14,25,14,0,1,1396648,4970448,0,1,0,0,28388544,0,0,0,0,0,0,0,16384,0,4,4,0,2917,0,735,1,0,0,28388544,0
57800.7,Running,0,2931,0,1,0,14,25,14,0,1,1396648,4970448,0,1,0,1,28388544,0,0,0,0,0,0,0,16384,1,4,4,0,2930,1,741,1,0,0,28388544,0
57900.6,Running,0,2945,0,0,0,14,25,14,0,1,1396648,4970448,0,1,0,0,28388544,0,0,0,0,0,0,0,16384,0,4,4,0,2945,0,747,1,0,0,28388544,0
58000.8,Running,0,2960,0,0,0,14,25,14,0,1,1396648,4970448,0,1,0,0,28388544,0,0,0,0,0,0,0,16384,0,4,4,0,2960,0,753,1,0,0,28388544,0
58100.6,Running,0,2975,0,0,0,14,25,14,0,1,1396648,4970448,0,1,0,0,28388544,0,0,0,0,0,0,0,16384,0,4,4,0,2975,0,759,1,0,0,28388544,0
58200.9,Running,0,2988,0,0,0,14,25,14,0,1,1396648,4970448,0,1,0,0,28388544,0,0,0,0,0,0,0,16384,0,4,4,0,2988,0,765,1,0,0,28388544,0
58300.7,Running,0,3002,0,1,0,14,25,14,0,1,1396648,4970448,0,1,0,1,28388544,0,0,0,0,0,0,0,16384,1,4,4,0,3001,1,771,1,0,0,28388544,0
58400.6,Running,0,3016,0,0,0,14,25,14,0,1,1396648,4970448,0,1,0,0,28388544,0,0,0,0,0,0,0,16384,0,4,4,0,3016,0,777,1,0,0,28388544,0
58500.5,Running,0,3031,0,0,0,14,25,14,0,1,1396648,4970448,0,1,0,0,28388544,0,0,0,0,0,0,0,16384,0,4,4,0,3031,0,783,1,0,0,28388544,0
58600.4,Running,0,3046,0,0,0,14,25,14,0,1,1396648,4970448,0,1,0,0,28388544,0,0,0,0,0,0,0,16384,0,4,4,0,3046,0,789,1,0,0,28388544,0
58700.4,Running,0,3059,0,0,0,14,25,14,0,1,1396648,4970448,0,1,0,0,28388544,0,0,0,0,0,0,0,16384,0,4,4,0,3059,0,795,1,0,0,28388544,0
58800.9,Running,0,3068,0,0,0,14,25,14,0,1,1396648,4970448,0,1,0,0,28388544,0,0,0,0,0,0,0,16384,0,4,4,0,3068,0,801,1,0,0,28388544,0
58900.4,Running,0,3083,0,0,0,14,25,14,0,1,1396648,4970448,0,1,0,0,28388544,0,0,0,0,0,0,0,16384,0,4,4,0,3083,0,807,1,0,0,28388544,0
59000.8,Running,0,3094,0,0,0,14,25,14,0,1,1396648,4970448,0,1,0,0,28388544,0,0,0,0,0,0,0,16384,0,4,4,0,3094,0,813,1,0,0,28388544,0
59100.4,Running,0,3109,0,0,0,14,25,14,0,1,1396648,4970448,0,1,0,0,28388544,0,0,0,0,0,0,0,16384,0,4,4,0,3109,0,819,1,0,0,28388544,0
59200.5,Running,0,3124,0,0,0,14,25,14,0,1,1396648,4970448,0,1,0,0,28388544,0,0,0,0,0,0,0,16384,0,4,4,0,3124,0,825,1,0,0,28388544,0
59300.7,Running,0,3140,0,0,0,14,25,14,0,1,1396648,4970448,0,1,0,0,28388544,0,0,0,0,0,0,0,16384,0,4,4,0,3140,0,831,1,0,0,28388544,0
59400.5,Running,0,3155,0,0,0,14,25,14,0,1,1396648,4970448,0,1,0,0,28388544,0,0,0,0,0,0,0,16384,0,4,4,0,3155,0,837,1,0,0,28388544,0
59500.6,Running,0,3170,0,0,0,14,25,14,0,1,1396648,4970448,0,1,0,0,28388544,0,0,0,0,0,0,0,16384,0,4,4,0,3170,0,843,1,0,0,28388544,0
59600.7,Running,0,3185,0,0,0,14,25,14,0,1,1396648,4970448,0,1,0,0,28388544,0,0,0,0,0,0,0,16384,0,4,4,0,3185,0,849,1,0,0,28388544,0
59700.7,Running,0,3200,0,0,0,14,25,14,0,1,1396648,4970448,0,1,0,0,28388544,0,0,0,0,0,0,0,16384,0,4,4,0,3200,0,855,1,0,0,28388544,0
59800.4,Running,0,3209,0,0,0,14,25,14,0,1,1396648,4970448,0,1,0,0,28388544,0,0,0,0,0,0,0,16384,0,4,4,0,3209,0,861,1,0,0,28388544,0
59900.9,Running,0,3219,0,0,0,14,25,14,0,1,1396648,4970448,0,1,0,0,28388544,0,0,0,0,0,0,0,16384,0,4,4,0,3219,0,867,1,0,0,28388544,0
60000.6,Running,0,3230,0,0,0,14,25,14,0,1,1396648,4970448,0,1,0,0,28388544,0,0,0,0,0,0,0,16384,0,4,4,0,3230,0,873,1,0,0,28388544,0
