t_ms,status,w6tick,wbusy,wdisp,wexit,wtid,savepri,savetid,crinest,svmnest,d5fn,d5arg,g688,g674,tshook,tsflag,sl0,sl1,sl2,sl3,sl4,sl5,sl6,sl7,h40,h44,h48,h4c,h92,d6n,d6in,d5n,boost,g36,done,cur,gamemode
0.3,Running,1234,0,0,0,10,25,10,0,1,1396648,4970448,0,1,0,0,28388544,0,0,0,0,0,0,0,16384,0,4,4,0,1234,0,292,1,0,0,28388544,0
100.4,Running,1250,0,0,0,10,25,10,0,1,1396648,4970448,0,1,0,0,28388544,0,0,0,0,0,0,0,16384,0,4,4,0,1250,0,298,1,0,0,28388544,0
200.7,Running,1263,0,0,0,10,25,10,0,1,1396648,4970448,0,1,0,0,28388544,0,0,0,0,0,0,0,16384,0,4,4,0,1263,0,304,1,0,0,28388544,0
300.8,Running,1269,0,0,0,10,25,10,0,1,1396648,4970448,0,1,0,0,28388544,0,0,0,0,0,0,0,16384,0,4,4,0,1269,0,310,1,0,0,28388544,0
400.8,Running,1275,0,0,0,10,25,10,0,1,1396648,4970448,0,1,0,0,28388544,0,0,0,0,0,0,0,16384,0,4,4,0,1275,0,316,1,0,0,28388544,0
500.7,Running,1281,0,0,0,10,25,10,0,1,1396648,4970448,0,1,0,0,28388544,0,0,0,0,0,0,0,16384,0,4,4,0,1281,0,322,1,0,0,28388544,0
600.4,Running,1287,0,0,0,10,25,10,0,1,1396648,4970448,0,1,0,0,28388544,0,0,0,0,0,0,0,16384,0,4,4,0,1287,0,328,1,0,0,28388544,0
700.3,Running,1293,0,0,0,10,25,10,0,1,1396648,4970448,0,1,0,0,28388544,0,0,0,0,0,0,0,16384,0,4,4,0,1293,0,334,1,0,0,28388544,0
800.7,Running,1299,0,0,0,10,25,10,0,1,1396648,4970448,0,1,0,0,28388544,0,0,0,0,0,0,0,16384,0,4,4,0,1299,0,340,1,0,0,28388544,0
900.7,Running,1305,0,0,0,10,25,10,0,1,1396648,4970448,0,1,0,0,28388544,0,0,0,0,0,0,0,16384,0,4,4,0,1305,0,346,1,0,0,28388544,0
1000.7,Running,1311,0,0,0,10,25,10,0,1,1396648,4970448,0,1,0,0,28388544,0,0,0,0,0,0,0,16384,1,6,6,0,1311,0,352,1,0,0,28388544,0
1100.9,Running,1317,0,0,0,10,25,10,0,1,1396648,4970448,0,1,0,0,28388544,0,0,0,0,0,0,0,16384,1,6,6,0,1317,0,358,1,0,0,28388544,0
1200.5,Running,1323,0,0,0,10,25,10,0,1,1396648,4970448,0,1,0,0,28388544,0,0,0,0,0,0,0,16384,1,6,6,0,1323,0,364,1,0,0,28388544,0
1300.7,Running,1329,0,0,0,0,24,1,0,0,0,0,0,1,0,0,0,0,0,0,0,0,0,0,16384,1,0,0,0,1329,0,0,1,0,0,28388544,0
1400.4,Running,1329,0,0,0,0,24,1,0,0,0,0,0,1,0,0,0,0,0,0,0,0,0,0,16384,1,0,0,0,1329,0,0,1,0,0,28388544,0
1500.5,Running,1329,0,0,0,0,24,1,0,0,0,0,0,1,0,0,0,0,0,0,0,0,0,0,16384,1,0,0,0,1329,0,0,1,0,0,28388544,0
1600.6,Running,1329,0,0,0,0,24,1,0,0,0,0,0,1,0,0,0,0,0,0,0,0,0,0,16384,1,0,0,0,1329,0,0,1,0,0,28388544,0
1700.5,Running,1329,0,0,0,0,24,1,0,0,0,0,0,1,0,0,0,0,0,0,0,0,0,0,16384,1,0,0,0,1329,0,0,1,0,0,28388544,0
1800.6,Running,1329,0,0,0,0,24,1,0,0,0,0,0,1,0,0,0,0,0,0,0,0,0,0,16384,1,0,0,0,1329,0,0,1,0,0,28388544,0
1900.7,Running,1329,0,0,0,0,24,1,0,0,0,0,0,1,0,0,0,0,0,0,0,0,0,0,16384,1,0,0,0,1329,0,0,1,0,0,28388544,0
2000.4,Running,1329,0,0,0,0,24,1,0,0,0,0,0,1,0,0,0,0,0,0,0,0,0,0,16384,1,0,0,0,1329,0,0,1,0,0,28388544,0
2100.6,Running,1329,0,0,0,0,24,1,0,0,0,0,0,1,0,0,0,0,0,0,0,0,0,0,16384,1,0,0,0,1329,0,0,1,0,0,28388544,0
2200.5,Running,1329,0,0,0,0,24,1,0,0,0,0,0,1,0,0,0,0,0,0,0,0,0,0,16384,1,0,0,0,1329,0,0,1,0,0,28388544,0
2300.6,Running,1329,0,0,0,0,24,1,0,0,0,0,0,1,0,0,0,0,0,0,0,0,0,0,16384,1,0,0,0,1329,0,0,1,0,0,28388544,0
2400.5,Running,1329,0,0,0,0,24,1,0,0,0,0,0,1,0,0,0,0,0,0,0,0,0,0,16384,1,0,0,0,1329,0,0,1,0,0,28388544,0
2500.4,Running,1329,0,0,0,0,24,1,0,0,0,0,0,1,0,0,0,0,0,0,0,0,0,0,16384,1,0,0,0,1329,0,0,1,0,0,28388544,0
2600.5,Running,1329,0,0,0,0,24,1,0,0,0,0,0,1,0,0,0,0,0,0,0,0,0,0,16384,1,0,0,0,1329,0,0,1,0,0,28388544,0
2700.3,Running,1329,0,0,0,0,24,1,0,0,0,0,0,1,0,0,0,0,0,0,0,0,0,0,16384,1,0,0,0,1329,0,0,1,0,0,28388544,0
2800.8,Running,1329,0,0,0,0,24,1,0,0,0,0,0,1,0,0,0,0,0,0,0,0,0,0,16384,1,0,0,0,1329,0,0,1,0,0,28388544,0
2900.5,Running,1329,0,0,0,0,24,1,0,0,0,0,0,1,0,0,0,0,0,0,0,0,0,0,16384,1,0,0,0,1329,0,0,1,0,0,28388544,0
3000.7,Running,1329,0,0,0,0,24,1,0,0,0,0,0,1,0,0,0,0,0,0,0,0,0,0,16384,1,0,0,0,1329,0,0,1,0,0,28388544,0
3100.4,Running,1329,0,0,0,0,24,1,0,0,0,0,0,1,0,0,0,0,0,0,0,0,0,0,16384,1,0,0,0,1329,0,0,1,0,0,28388544,0
3200.6,Running,1329,0,0,0,0,24,1,0,0,0,0,0,1,0,0,0,0,0,0,0,0,0,0,16384,1,0,0,0,1329,0,0,1,0,0,28388544,0
3300.5,Running,1329,0,0,0,0,24,1,0,0,0,0,0,1,0,0,0,0,0,0,0,0,0,0,16384,1,0,0,0,1329,0,0,1,0,0,28388544,0
3400.5,Running,1329,0,0,0,0,24,1,0,0,0,0,0,1,0,0,0,0,0,0,0,0,0,0,16384,1,0,0,0,1329,0,0,1,0,0,28388544,0
3500.3,Running,1329,0,0,0,0,24,1,0,0,0,0,0,1,0,0,0,0,0,0,0,0,0,0,16384,1,0,0,0,1329,0,0,1,0,0,28388544,0
3600.3,Running,1329,0,0,0,0,24,1,0,0,0,0,0,1,0,0,0,0,0,0,0,0,0,0,16384,1,0,0,0,1329,0,0,1,0,0,28388544,0
3700.9,Running,1329,0,0,0,0,24,1,0,0,0,0,0,1,0,0,0,0,0,0,0,0,0,0,16384,1,0,0,0,1329,0,0,1,0,0,28388544,0
3800.5,Running,1329,0,0,0,0,24,1,0,0,0,0,0,1,0,0,0,0,0,0,0,0,0,0,16384,1,0,0,0,1329,0,0,1,0,0,28388544,0
3900.6,Running,1329,0,0,0,0,24,1,0,0,0,0,0,1,0,0,0,0,0,0,0,0,0,0,16384,1,0,0,0,1329,0,0,1,0,0,28388544,0
4000.8,Running,1329,0,0,0,0,24,1,0,0,0,0,0,1,0,0,0,0,0,0,0,0,0,0,16384,1,0,0,0,1329,0,0,1,0,0,28388544,0
4100.6,Running,1329,0,0,0,0,24,1,0,0,0,0,0,1,0,0,0,0,0,0,0,0,0,0,16384,1,0,0,0,1329,0,0,1,0,0,28388544,0
4200.6,Running,1329,0,0,0,0,24,1,0,0,0,0,0,1,0,0,0,0,0,0,0,0,0,0,16384,1,0,0,0,1329,0,0,1,0,0,28388544,0
4300.6,Running,1329,0,0,0,0,24,1,0,0,0,0,0,1,0,0,0,0,0,0,0,0,0,0,16384,1,0,0,0,1329,0,0,1,0,0,28388544,0
4400.5,Paused,1329,0,0,0,0,24,1,0,0,0,0,0,1,0,0,0,0,0,0,0,0,0,0,16384,1,0,0,0,1329,0,0,1,0,0,28388544,0
4504.9,Paused,0,0,0,0,0,0,0,0,0,0,0,0,0,0,0,0,0,0,0,0,0,0,0,0,0,0,0,0,0,0,0,0,0,0,0,0
4602.3,Paused,0,0,0,0,0,0,0,0,0,0,0,0,0,0,0,0,0,0,0,0,0,0,0,0,0,0,0,0,0,0,0,0,0,0,0,0
4700.4,Running,0,0,0,0,0,0,0,0,0,0,0,0,0,0,0,0,0,0,0,0,0,0,0,0,0,0,0,0,0,0,0,0,0,0,0,0
4800.3,Running,0,0,0,0,0,0,0,0,0,0,0,0,0,0,0,0,0,0,0,0,0,0,0,0,0,0,0,0,0,0,0,0,0,0,0,0
4900.6,Running,0,0,0,0,0,0,0,0,0,0,0,0,0,0,0,0,0,0,0,0,0,0,0,0,0,0,0,0,0,0,0,0,0,0,0,0
5000.7,Running,0,0,0,0,0,0,0,0,0,0,0,0,0,0,0,0,0,0,0,0,0,0,0,0,0,0,0,0,0,0,0,0,0,0,0,0
5100.3,Running,0,0,0,0,0,0,0,0,0,0,0,0,0,0,0,0,0,0,0,0,0,0,0,0,0,0,0,0,0,0,0,0,0,0,0,0
5200.7,Running,0,0,0,0,0,0,0,0,0,0,0,0,0,0,0,0,0,0,0,0,0,0,0,0,0,0,0,0,0,0,0,0,0,0,0,0
5300.6,Running,0,0,0,0,0,0,0,0,0,0,0,0,0,0,0,0,0,0,0,0,0,0,0,0,0,0,0,0,0,0,0,0,0,0,0,0
5400.5,Running,0,0,0,0,0,0,0,0,0,0,0,0,0,0,0,0,0,0,0,0,0,0,0,0,0,0,0,0,0,0,0,0,0,0,0,0
5500.5,Running,0,0,0,0,0,0,0,0,0,0,0,0,0,0,0,0,0,0,0,0,0,0,0,0,0,0,0,0,0,0,0,0,0,0,0,0
5600.6,Running,0,0,0,0,0,0,0,0,0,0,0,0,0,0,0,0,0,0,0,0,0,0,0,0,0,0,0,0,0,0,0,0,0,0,0,0
5700.5,Running,0,0,0,0,0,0,0,0,0,0,0,0,0,0,0,0,0,0,0,0,0,0,0,0,0,0,0,0,0,0,0,0,0,0,0,0
5800.8,Running,0,0,0,0,0,0,0,0,0,0,0,0,0,0,0,0,0,0,0,0,0,0,0,0,0,0,0,0,0,0,0,0,0,0,0,0
5900.9,Running,0,0,0,0,0,0,0,0,0,0,0,0,0,0,0,0,0,0,0,0,0,0,0,0,0,0,0,0,0,0,0,0,0,0,0,0
6000.4,Running,0,0,0,0,0,0,0,0,0,0,0,0,0,0,0,0,0,0,0,0,0,0,0,0,0,0,0,0,0,0,0,0,0,0,0,0
6100.5,Running,0,0,0,0,0,0,0,0,0,0,0,0,0,0,0,0,0,0,0,0,0,0,0,0,0,0,0,0,0,0,0,0,0,0,0,0
6200.5,Running,0,0,0,0,0,0,0,0,0,0,0,0,0,0,0,0,0,0,0,0,0,0,0,0,0,0,0,0,0,0,0,0,0,0,0,0
6300.4,Running,0,0,0,0,0,0,0,0,0,0,0,0,0,0,0,0,0,0,0,0,0,0,0,0,0,0,0,0,0,0,0,0,0,0,0,0
6400.7,Running,0,0,0,0,0,0,0,0,0,0,0,0,0,0,0,0,0,0,0,0,0,0,0,0,0,0,0,0,0,0,0,0,0,0,0,0
6500.4,Running,0,0,0,0,0,0,0,0,0,0,0,0,0,0,0,0,0,0,0,0,0,0,0,0,0,0,0,0,0,0,0,0,0,0,0,0
6600.8,Running,0,0,0,0,0,0,0,0,0,0,0,0,0,0,0,0,0,0,0,0,0,0,0,0,0,0,0,0,0,0,0,0,0,0,0,0
6700.6,Running,0,0,0,0,0,0,0,0,0,0,0,0,0,0,0,0,0,0,0,0,0,0,0,0,0,0,0,0,0,0,0,0,0,0,0,0
6800.8,Running,0,0,0,0,0,0,0,0,0,0,0,0,0,0,0,0,0,0,0,0,0,0,0,0,0,0,0,0,0,0,0,0,0,0,0,0
6900.6,Running,0,0,0,0,0,0,0,0,0,0,0,0,0,0,0,0,0,0,0,0,0,0,0,0,0,0,0,0,0,0,0,0,0,0,0,0
7000.6,Running,0,0,0,0,0,0,0,0,0,0,0,0,0,0,0,0,0,0,0,0,0,0,0,0,0,0,0,0,0,0,0,0,0,0,0,0
7100.6,Running,0,0,0,0,0,0,0,0,0,0,0,0,0,0,0,0,0,0,0,0,0,0,0,0,0,0,0,0,0,0,0,0,0,0,0,0
7200.3,Running,0,0,0,0,0,0,0,0,0,0,0,0,0,0,0,0,0,0,0,0,0,0,0,0,0,0,0,0,0,0,0,0,0,0,0,0
7300.4,Running,0,0,0,0,0,0,0,0,0,0,0,0,0,0,0,0,0,0,0,0,0,0,0,0,0,0,0,0,0,0,0,0,0,0,0,0
7400.6,Running,0,0,0,0,0,0,0,0,0,0,0,0,0,0,0,0,0,0,0,0,0,0,0,0,0,0,0,0,0,0,0,0,0,0,0,0
7501.0,Running,0,0,0,0,0,0,0,0,0,0,0,0,0,0,0,0,0,0,0,0,0,0,0,0,0,0,0,0,0,0,0,0,0,0,0,0
7600.9,Running,0,0,0,0,0,0,0,0,0,0,0,0,0,0,0,0,0,0,0,0,0,0,0,0,0,0,0,0,0,0,0,0,0,0,0,0
7700.5,Running,0,0,0,0,0,0,0,0,0,0,0,0,0,0,0,0,0,0,0,0,0,0,0,0,0,0,0,0,0,0,0,0,0,0,0,0
7800.7,Running,0,0,0,0,0,0,0,0,0,0,0,0,0,0,0,0,0,0,0,0,0,0,0,0,0,0,0,0,0,0,0,0,0,0,0,0
7900.8,Running,0,0,0,0,0,0,0,0,0,0,0,0,0,0,0,0,0,0,0,0,0,0,0,0,0,0,0,0,0,0,0,0,0,0,0,0
8000.8,Running,0,0,0,0,0,0,0,0,0,0,0,0,0,0,0,0,0,0,0,0,0,0,0,0,0,0,0,0,0,0,0,0,0,0,0,0
8100.4,Running,0,0,0,0,0,0,0,0,0,0,0,0,0,0,0,0,0,0,0,0,0,0,0,0,0,0,0,0,0,0,0,0,0,0,0,0
8200.8,Running,0,0,0,0,0,0,0,0,0,0,0,0,0,0,0,0,0,0,0,0,0,0,0,0,0,0,0,0,0,0,0,0,0,0,0,0
8300.4,Running,0,0,0,0,0,0,0,0,0,0,0,0,0,0,0,0,0,0,0,0,0,0,0,0,0,0,0,0,0,0,0,0,0,0,0,0
8401.7,Running,0,0,0,0,0,0,0,0,0,0,0,0,0,0,0,0,0,0,0,0,0,0,0,0,0,0,0,0,0,0,0,0,0,0,0,0
8500.5,Running,0,0,0,0,0,0,0,0,0,0,0,0,0,0,0,0,0,0,0,0,0,0,0,0,0,0,0,0,0,0,0,0,0,0,0,0
8600.5,Running,0,0,0,0,0,0,0,0,0,0,0,0,0,0,0,0,0,0,0,0,0,0,0,0,0,0,0,0,0,0,0,0,0,0,0,0
8700.4,Running,0,0,0,0,0,0,0,0,0,0,0,0,0,0,0,0,0,0,0,0,0,0,0,0,0,0,0,0,0,0,0,0,0,0,0,0
8800.6,Running,0,0,0,0,0,0,0,0,0,0,0,0,0,0,0,0,0,0,0,0,0,0,0,0,0,0,0,0,0,0,0,0,0,0,0,0
8900.5,Running,0,0,0,0,0,0,0,0,0,0,0,0,0,0,0,0,0,0,0,0,0,0,0,0,0,0,0,0,0,0,0,0,0,0,0,0
9001.0,Running,0,0,0,0,0,0,0,0,0,0,0,0,0,0,0,0,0,0,0,0,0,0,0,0,0,0,0,0,0,0,0,0,0,0,0,0
9100.6,Running,0,0,0,0,0,0,0,0,0,0,0,0,0,0,0,0,0,0,0,0,0,0,0,0,0,0,0,0,0,0,0,0,0,0,0,0
9200.7,Running,0,0,0,0,0,0,0,0,0,0,0,0,0,0,0,0,0,0,0,0,0,0,0,0,0,0,0,0,0,0,0,0,0,0,0,0
9300.4,Running,0,0,0,0,0,0,0,0,0,0,0,0,0,0,0,0,0,0,0,0,0,0,0,0,0,0,0,0,0,0,0,0,0,0,0,0
9400.8,Running,0,0,0,0,0,0,0,0,0,0,0,0,0,0,0,0,0,0,0,0,0,0,0,0,0,0,0,0,0,0,0,0,0,0,0,0
9500.6,Running,0,0,0,0,0,0,0,0,0,0,0,0,0,0,0,0,0,0,0,0,0,0,0,0,0,0,0,0,0,0,0,0,0,0,0,0
9600.9,Running,0,0,0,0,0,0,0,0,0,0,0,0,0,0,0,0,0,0,0,0,0,0,0,0,0,0,0,0,0,0,0,0,0,0,0,0
9700.4,Running,0,0,0,0,0,0,0,0,0,0,0,0,0,0,0,0,0,0,0,0,0,0,0,0,0,0,0,0,0,0,0,0,0,0,0,0
9800.8,Running,0,0,0,0,0,0,0,0,0,0,0,0,0,0,0,0,0,0,0,0,0,0,0,0,0,0,0,0,0,0,0,0,0,0,0,0
9900.5,Running,0,0,0,0,0,0,0,0,0,0,0,0,0,0,0,0,0,0,0,0,0,0,0,0,0,0,0,0,0,0,0,0,0,0,0,0
10000.5,Running,0,0,0,0,0,0,0,0,0,0,0,0,0,0,0,0,0,0,0,0,0,0,0,0,0,0,0,0,0,0,0,0,0,0,0,0
10100.3,Running,0,0,0,0,0,0,0,0,0,0,0,0,0,0,0,0,0,0,0,0,0,0,0,0,0,0,0,0,0,0,0,0,0,0,0,0
10200.7,Running,0,0,0,0,0,0,0,0,0,0,0,0,0,0,0,0,0,0,0,0,0,0,0,0,0,0,0,0,0,0,0,0,0,0,0,0
10300.5,Running,0,0,0,0,0,0,0,0,0,0,0,0,0,0,0,0,0,0,0,0,0,0,0,0,0,0,0,0,0,0,0,0,0,0,0,0
10400.5,Running,0,0,0,0,0,0,0,0,0,0,0,0,0,0,0,0,0,0,0,0,0,0,0,0,0,0,0,0,0,0,0,0,0,0,0,0
10500.7,Running,0,0,0,0,0,0,0,0,0,0,0,0,0,0,0,0,0,0,0,0,0,0,0,0,0,0,0,0,0,0,0,0,0,0,0,0
10600.8,Running,0,0,0,0,0,0,0,0,0,0,0,0,0,0,0,0,0,0,0,0,0,0,0,0,0,0,0,0,0,0,0,0,0,0,0,0
10700.6,Running,0,0,0,0,0,0,0,0,0,0,0,0,0,0,0,0,0,0,0,0,0,0,0,0,0,0,0,0,0,0,0,0,0,0,0,0
10800.5,Running,0,0,0,0,0,0,0,0,0,0,0,0,0,0,0,0,0,0,0,0,0,0,0,0,0,0,0,0,0,0,0,0,0,0,0,0
10900.5,Running,0,0,0,0,0,0,0,0,0,0,0,0,0,0,0,0,0,0,0,0,0,0,0,0,0,0,0,0,0,0,0,0,0,0,0,0
11000.5,Running,0,0,0,0,0,0,0,0,0,0,0,0,0,0,0,0,0,0,0,0,0,0,0,0,0,0,0,0,0,0,0,0,0,0,0,0
11100.7,Running,0,0,0,0,0,0,0,0,0,0,0,0,0,0,0,0,0,0,0,0,0,0,0,0,0,0,0,0,0,0,0,0,0,0,0,0
11200.6,Running,0,0,0,0,0,0,0,0,0,0,0,0,0,0,0,0,0,0,0,0,0,0,0,0,0,0,0,0,0,0,0,0,0,0,0,0
11300.9,Running,0,0,0,0,0,0,0,0,0,0,0,0,0,0,0,0,0,0,0,0,0,0,0,0,0,0,0,0,0,0,0,0,0,0,0,0
11400.8,Running,0,0,0,0,0,0,0,0,0,0,0,0,0,0,0,0,0,0,0,0,0,0,0,0,0,0,0,0,0,0,0,0,0,0,0,0
11500.3,Running,0,0,0,0,0,0,0,0,0,0,0,0,0,0,0,0,0,0,0,0,0,0,0,0,0,0,0,0,0,0,0,0,0,0,0,0
11600.5,Running,0,0,0,0,0,0,0,0,0,0,0,0,0,0,0,0,0,0,0,0,0,0,0,0,0,0,0,0,0,0,0,0,0,0,0,0
11700.8,Running,0,0,0,0,0,0,0,0,0,0,0,0,0,0,0,0,0,0,0,0,0,0,0,0,0,0,0,0,0,0,0,0,0,0,0,0
11800.5,Running,0,0,0,0,0,0,0,0,0,0,0,0,0,0,0,0,0,0,0,0,0,0,0,0,0,0,0,0,0,0,0,0,0,0,0,0
11900.7,Running,0,0,0,0,0,0,0,0,0,0,0,0,0,0,0,0,0,0,0,0,0,0,0,0,0,0,0,0,0,0,0,0,0,0,0,0
12000.9,Running,0,0,0,0,0,0,0,0,0,0,0,0,0,0,0,0,0,0,0,0,0,0,0,0,0,0,0,0,0,0,0,0,0,0,0,0
12100.5,Running,0,0,0,0,0,0,0,0,0,0,0,0,0,0,0,0,0,0,0,0,0,0,0,0,0,0,0,0,0,0,0,0,0,0,0,0
12200.4,Running,0,0,0,0,0,0,0,0,0,0,0,0,0,0,0,0,0,0,0,0,0,0,0,0,0,0,0,0,0,0,0,0,0,0,0,0
12301.0,Running,0,0,0,0,0,0,0,0,0,0,0,0,0,0,0,0,0,0,0,0,0,0,0,0,0,0,0,0,0,0,0,0,0,0,0,0
12400.8,Running,0,0,0,0,0,0,0,0,0,0,0,0,0,0,0,0,0,0,0,0,0,0,0,0,0,0,0,0,0,0,0,0,0,0,0,0
12500.3,Running,0,0,0,0,0,0,0,0,0,0,0,0,0,0,0,0,0,0,0,0,0,0,0,0,0,0,0,0,0,0,0,0,0,0,0,0
12600.7,Running,0,0,0,0,0,0,0,0,0,0,0,0,0,0,0,0,0,0,0,0,0,0,0,0,0,0,0,0,0,0,0,0,0,0,0,0
12700.7,Running,0,0,0,0,0,0,0,0,0,0,0,0,0,0,0,0,0,0,0,0,0,0,0,0,0,0,0,0,0,0,0,0,0,0,0,0
12800.8,Running,0,0,0,0,0,0,0,0,0,0,0,0,0,0,0,0,0,0,0,0,0,0,0,0,0,0,0,0,0,0,0,0,0,0,0,0
12900.3,Running,0,0,0,0,0,0,0,0,0,0,0,0,0,0,0,0,0,0,0,0,0,0,0,0,0,0,0,0,0,0,0,0,0,0,0,0
13000.3,Running,0,0,0,0,0,0,0,0,0,0,0,0,0,0,0,0,0,0,0,0,0,0,0,0,0,0,0,0,0,0,0,0,0,0,0,0
13100.6,Running,0,0,0,0,0,0,0,0,0,0,0,0,0,0,0,0,0,0,0,0,0,0,0,0,0,0,0,0,0,0,0,0,0,0,0,0
13200.7,Running,0,0,0,0,0,0,0,0,0,0,0,0,0,0,0,0,0,0,0,0,0,0,0,0,0,0,0,0,0,0,0,0,0,0,0,0
13300.7,Running,0,0,0,0,0,0,0,0,0,0,0,0,0,0,0,0,0,0,0,0,0,0,0,0,0,0,0,0,0,0,0,0,0,0,0,0
13400.9,Running,0,0,0,0,0,0,0,0,0,0,0,0,0,0,0,0,0,0,0,0,0,0,0,0,0,0,0,0,0,0,0,0,0,0,0,0
13500.7,Running,0,0,0,0,0,0,0,0,0,0,0,0,0,0,0,0,0,0,0,0,0,0,0,0,0,0,0,0,0,0,0,0,0,0,0,0
13600.6,Running,0,0,0,0,0,0,0,0,0,0,0,0,0,0,0,0,0,0,0,0,0,0,0,0,0,0,0,0,0,0,0,0,0,0,0,0
13700.7,Running,0,0,0,0,0,0,0,0,0,0,0,0,0,0,0,0,0,0,0,0,0,0,0,0,0,0,0,0,0,0,0,0,0,0,0,0
13800.7,Running,0,0,0,0,0,0,0,0,0,0,0,0,0,0,0,0,0,0,0,0,0,0,0,0,0,0,0,0,0,0,0,0,0,0,0,0
13901.2,Running,0,0,0,0,0,0,0,0,0,0,0,0,0,0,0,0,0,0,0,0,0,0,0,0,0,0,0,0,0,0,0,0,0,0,0,0
14001.1,Running,0,0,0,0,0,0,0,0,0,0,0,0,0,0,0,0,0,0,0,0,0,0,0,0,0,0,0,0,0,0,0,0,0,0,0,0
14100.7,Running,0,0,0,0,0,0,0,0,0,0,0,0,0,0,0,0,0,0,0,0,0,0,0,0,0,0,0,0,0,0,0,0,0,0,0,0
14200.9,Running,0,0,0,0,0,0,0,0,0,0,0,0,0,0,0,0,0,0,0,0,0,0,0,0,0,0,0,0,0,0,0,0,0,0,0,0
14300.6,Running,0,0,0,0,0,0,0,0,0,0,0,0,0,0,0,0,0,0,0,0,0,0,0,0,0,0,0,0,0,0,0,0,0,0,0,0
14400.8,Running,0,0,0,0,0,0,0,0,0,0,0,0,0,0,0,0,0,0,0,0,0,0,0,0,0,0,0,0,0,0,0,0,0,0,0,0
14500.6,Running,0,0,0,0,0,0,0,0,0,0,0,0,0,0,0,0,0,0,0,0,0,0,0,0,0,0,0,0,0,0,0,0,0,0,0,0
14600.6,Running,0,0,0,0,0,0,0,0,0,0,0,0,0,0,0,0,0,0,0,0,0,0,0,0,0,0,0,0,0,0,0,0,0,0,0,0
14701.0,Running,0,0,0,0,0,0,0,0,0,0,0,0,0,0,0,0,0,0,0,0,0,0,0,0,0,0,0,0,0,0,0,0,0,0,0,0
14800.5,Running,0,0,0,0,0,0,0,0,0,0,0,0,0,0,0,0,0,0,0,0,0,0,0,0,0,0,0,0,0,0,0,0,0,0,0,0
14901.5,Running,0,0,0,0,0,0,0,0,0,0,0,0,0,0,0,0,0,0,0,0,0,0,0,0,0,0,0,0,0,0,0,0,0,0,0,0
15000.8,Running,0,0,0,0,0,0,0,0,0,0,0,0,0,0,0,0,0,0,0,0,0,0,0,0,0,0,0,0,0,0,0,0,0,0,0,0
15100.8,Running,0,0,0,0,0,0,0,0,0,0,0,0,0,0,0,0,0,0,0,0,0,0,0,0,0,0,0,0,0,0,0,0,0,0,0,0
15200.8,Running,0,0,0,0,0,0,0,0,0,0,0,0,0,0,0,0,0,0,0,0,0,0,0,0,0,0,0,0,0,0,0,0,0,0,0,0
15300.8,Running,0,0,0,0,0,0,0,0,0,0,0,0,0,0,0,0,0,0,0,0,0,0,0,0,0,0,0,0,0,0,0,0,0,0,0,0
15400.3,Running,0,0,0,0,0,0,0,0,0,0,0,0,0,0,0,0,0,0,0,0,0,0,0,0,0,0,0,0,0,0,0,0,0,0,0,0
15500.8,Running,0,0,0,0,0,0,0,0,0,0,0,0,0,0,0,0,0,0,0,0,0,0,0,0,0,0,0,0,0,0,0,0,0,0,0,0
15600.7,Running,0,0,0,0,0,0,0,0,0,0,0,0,0,0,0,0,0,0,0,0,0,0,0,0,0,0,0,0,0,0,0,0,0,0,0,0
15701.0,Running,0,0,0,0,0,0,0,0,0,0,0,0,0,0,0,0,0,0,0,0,0,0,0,0,0,0,0,0,0,0,0,0,0,0,0,0
15800.6,Running,0,0,0,0,0,0,0,0,0,0,0,0,0,0,0,0,0,0,0,0,0,0,0,0,0,0,0,0,0,0,0,0,0,0,0,0
15900.8,Running,0,0,0,0,0,0,0,0,0,0,0,0,0,0,0,0,0,0,0,0,0,0,0,0,0,0,0,0,0,0,0,0,0,0,0,0
16000.4,Running,0,0,0,0,0,0,0,0,0,0,0,0,0,0,0,0,0,0,0,0,0,0,0,0,0,0,0,0,0,0,0,0,0,0,0,0
16100.7,Running,0,0,0,0,0,0,0,0,0,0,0,0,0,0,0,0,0,0,0,0,0,0,0,0,0,0,0,0,0,0,0,0,0,0,0,0
16200.6,Running,0,0,0,0,0,0,0,0,0,0,0,0,0,0,0,0,0,0,0,0,0,0,0,0,0,0,0,0,0,0,0,0,0,0,0,0
16300.5,Running,0,0,0,0,0,0,0,0,0,0,0,0,0,0,0,0,0,0,0,0,0,0,0,0,0,0,0,0,0,0,0,0,0,0,0,0
16400.4,Running,0,0,0,0,0,0,0,0,0,0,0,0,0,0,0,0,0,0,0,0,0,0,0,0,0,0,0,0,0,0,0,0,0,0,0,0
16500.7,Running,0,0,0,0,0,0,0,0,0,0,0,0,0,0,0,0,0,0,0,0,0,0,0,0,0,0,0,0,0,0,0,0,0,0,0,0
16601.0,Running,0,0,0,0,0,0,0,0,0,0,0,0,0,0,0,0,0,0,0,0,0,0,0,0,0,0,0,0,0,0,0,0,0,0,0,0
16700.7,Running,0,0,0,0,0,0,0,0,0,0,0,0,0,0,0,0,0,0,0,0,0,0,0,0,0,0,0,0,0,0,0,0,0,0,0,0
16800.6,Running,0,0,0,0,0,0,0,0,0,0,0,0,0,0,0,0,0,0,0,0,0,0,0,0,0,0,0,0,0,0,0,0,0,0,0,0
16900.6,Running,0,0,0,0,0,0,0,0,0,0,0,0,0,0,0,0,0,0,0,0,0,0,0,0,0,0,0,0,0,0,0,0,0,0,0,0
17000.5,Running,0,0,0,0,0,0,0,0,0,0,0,0,0,0,0,0,0,0,0,0,0,0,0,0,0,0,0,0,0,0,0,0,0,0,0,0
17100.7,Running,0,0,0,0,0,0,0,0,0,0,0,0,0,0,0,0,0,0,0,0,0,0,0,0,0,0,0,0,0,0,0,0,0,0,0,0
17200.7,Running,0,0,0,0,0,0,0,0,0,0,0,0,0,0,0,0,0,0,0,0,0,0,0,0,0,0,0,0,0,0,0,0,0,0,0,0
17300.7,Running,0,0,0,0,0,0,0,0,0,0,0,0,0,0,0,0,0,0,0,0,0,0,0,0,0,0,0,0,0,0,0,0,0,0,0,0
17400.5,Running,0,0,0,0,0,0,0,0,0,0,0,0,0,0,0,0,0,0,0,0,0,0,0,0,0,0,0,0,0,0,0,0,0,0,0,0
17500.7,Running,0,0,0,0,0,0,0,0,0,0,0,0,0,0,0,0,0,0,0,0,0,0,0,0,0,0,0,0,0,0,0,0,0,0,0,0
17600.7,Running,0,0,0,0,0,0,0,0,0,0,0,0,0,0,0,0,0,0,0,0,0,0,0,0,0,0,0,0,0,0,0,0,0,0,0,0
17700.5,Running,0,0,0,0,0,0,0,0,0,0,0,0,0,0,0,0,0,0,0,0,0,0,0,0,0,0,0,0,0,0,0,0,0,0,0,0
17800.8,Running,0,0,0,0,0,0,0,0,0,0,0,0,0,0,0,0,0,0,0,0,0,0,0,0,0,0,0,0,0,0,0,0,0,0,0,0
17900.7,Running,0,0,0,0,0,0,0,0,0,0,0,0,0,0,0,0,0,0,0,0,0,0,0,0,0,0,0,0,0,0,0,0,0,0,0,0
18000.7,Running,0,0,0,0,0,0,0,0,0,0,0,0,0,0,0,0,0,0,0,0,0,0,0,0,0,0,0,0,0,0,0,0,0,0,0,0
18100.4,Running,0,0,0,0,0,0,0,0,0,0,0,0,0,0,0,0,0,0,0,0,0,0,0,0,0,0,0,0,0,0,0,0,0,0,0,0
18200.9,Running,0,0,0,0,0,0,0,0,0,0,0,0,0,0,0,0,0,0,0,0,0,0,0,0,0,0,0,0,0,0,0,0,0,0,0,0
18300.4,Running,0,0,0,0,0,0,0,0,0,0,0,0,0,0,0,0,0,0,0,0,0,0,0,0,0,0,0,0,0,0,0,0,0,0,0,0
18400.5,Running,0,0,0,0,0,0,0,0,0,0,0,0,0,0,0,0,0,0,0,0,0,0,0,0,0,0,0,0,0,0,0,0,0,0,0,0
18500.4,Running,0,0,0,0,0,0,0,0,0,0,0,0,0,0,0,0,0,0,0,0,0,0,0,0,0,0,0,0,0,0,0,0,0,0,0,0
18600.8,Running,0,0,0,0,0,0,0,0,0,0,0,0,0,0,0,0,0,0,0,0,0,0,0,0,0,0,0,0,0,0,0,0,0,0,0,0
18700.8,Running,0,0,0,0,0,0,0,0,0,0,0,0,0,0,0,0,0,0,0,0,0,0,0,0,0,0,0,0,0,0,0,0,0,0,0,0
18800.7,Running,0,0,0,0,0,0,0,0,0,0,0,0,0,0,0,0,0,0,0,0,0,0,0,0,0,0,0,0,0,0,0,0,0,0,0,0
18900.6,Running,0,0,0,0,0,0,0,0,0,0,0,0,0,0,0,0,0,0,0,0,0,0,0,0,0,0,0,0,0,0,0,0,0,0,0,0
19000.6,Running,0,0,0,0,0,0,0,0,0,0,0,0,0,0,0,0,0,0,0,0,0,0,0,0,0,0,0,0,0,0,0,0,0,0,0,0
19100.4,Running,0,0,0,0,0,0,0,0,0,0,0,0,0,0,0,0,0,0,0,0,0,0,0,0,0,0,0,0,0,0,0,0,0,0,0,0
19200.5,Running,0,0,0,0,0,0,0,0,0,0,0,0,0,0,0,0,0,0,0,0,0,0,0,0,0,0,0,0,0,0,0,0,0,0,0,0
19300.7,Running,0,0,0,0,0,0,0,0,0,0,0,0,0,0,0,0,0,0,0,0,0,0,0,0,0,0,0,0,0,0,0,0,0,0,0,0
19400.6,Running,0,0,0,0,0,0,0,0,0,0,0,0,0,0,0,0,0,0,0,0,0,0,0,0,0,0,0,0,0,0,0,0,0,0,0,0
19500.6,Running,0,0,0,0,0,0,0,0,0,0,0,0,0,0,0,0,0,0,0,0,0,0,0,0,0,0,0,0,0,0,0,0,0,0,0,0
19600.3,Running,0,0,0,0,0,0,0,0,0,0,0,0,0,0,0,0,0,0,0,0,0,0,0,0,0,0,0,0,0,0,0,0,0,0,0,0
19700.8,Running,0,0,0,0,0,0,0,0,0,0,0,0,0,0,0,0,0,0,0,0,0,0,0,0,0,0,0,0,0,0,0,0,0,0,0,0
19800.8,Running,0,0,0,0,0,0,0,0,0,0,0,0,0,0,0,0,0,0,0,0,0,0,0,0,0,0,0,0,0,0,0,0,0,0,0,0
19900.6,Running,0,0,0,0,0,0,0,0,0,0,0,0,0,0,0,0,0,0,0,0,0,0,0,0,0,0,0,0,0,0,0,0,0,0,0,0
20000.9,Running,0,0,0,0,0,0,0,0,0,0,0,0,0,0,0,0,0,0,0,0,0,0,0,0,0,0,0,0,0,0,0,0,0,0,0,0
20100.5,Running,0,0,0,0,0,0,0,0,0,0,0,0,0,0,0,0,0,0,0,0,0,0,0,0,0,0,0,0,0,0,0,0,0,0,0,0
20200.4,Running,0,0,0,0,0,0,0,0,0,0,0,0,0,0,0,0,0,0,0,0,0,0,0,0,0,0,0,0,0,0,0,0,0,0,0,0
20300.7,Running,0,0,0,0,0,0,0,0,0,0,0,0,0,0,0,0,0,0,0,0,0,0,0,0,0,0,0,0,0,0,0,0,0,0,0,0
20400.9,Running,0,0,0,0,0,0,0,0,0,0,0,0,0,0,0,0,0,0,0,0,0,0,0,0,0,0,0,0,0,0,0,0,0,0,0,0
20500.7,Running,0,0,0,0,0,0,0,0,0,0,0,0,0,0,0,0,0,0,0,0,0,0,0,0,0,0,0,0,0,0,0,0,0,0,0,0
20600.9,Running,0,0,0,0,0,0,0,0,0,0,0,0,0,0,0,0,0,0,0,0,0,0,0,0,0,0,0,0,0,0,0,0,0,0,0,0
20700.4,Running,0,0,0,0,0,0,0,0,0,0,0,0,0,0,0,0,0,0,0,0,0,0,0,0,0,0,0,0,0,0,0,0,0,0,0,0
20800.6,Running,0,0,0,0,0,0,0,0,0,0,0,0,0,0,0,0,0,0,0,0,0,0,0,0,0,0,0,0,0,0,0,0,0,0,0,0
20900.4,Running,0,0,0,0,0,0,0,0,0,0,0,0,0,0,0,0,0,0,0,0,0,0,0,0,0,0,0,0,0,0,0,0,0,0,0,0
21000.4,Running,0,0,0,0,0,0,0,0,0,0,0,0,0,0,0,0,0,0,0,0,0,0,0,0,0,0,0,0,0,0,0,0,0,0,0,0
21100.5,Running,0,0,0,0,0,0,0,0,0,0,0,0,0,0,0,0,0,0,0,0,0,0,0,0,0,0,0,0,0,0,0,0,0,0,0,0
21201.0,Running,0,0,0,0,0,0,0,0,0,0,0,0,0,0,0,0,0,0,0,0,0,0,0,0,0,0,0,0,0,0,0,0,0,0,0,0
21300.5,Running,0,0,0,0,0,0,0,0,0,0,0,0,0,0,0,0,0,0,0,0,0,0,0,0,0,0,0,0,0,0,0,0,0,0,0,0
21400.6,Running,0,0,0,0,0,0,0,0,0,0,0,0,0,0,0,0,0,0,0,0,0,0,0,0,0,0,0,0,0,0,0,0,0,0,0,0
21500.6,Running,0,0,0,0,0,0,0,0,0,0,0,0,0,0,0,0,0,0,0,0,0,0,0,0,0,0,0,0,0,0,0,0,0,0,0,0
21600.5,Running,0,0,0,0,0,0,0,0,0,0,0,0,0,0,0,0,0,0,0,0,0,0,0,0,0,0,0,0,0,0,0,0,0,0,0,0
21700.6,Running,0,0,0,0,0,0,0,0,0,0,0,0,0,0,0,0,0,0,0,0,0,0,0,0,0,0,0,0,0,0,0,0,0,0,0,0
21800.6,Running,0,0,0,0,0,0,0,0,0,0,0,0,0,0,0,0,0,0,0,0,0,0,0,0,0,0,0,0,0,0,0,0,0,0,0,0
21901.2,Running,0,0,0,0,0,0,0,0,0,0,0,0,0,0,0,0,0,0,0,0,0,0,0,0,0,0,0,0,0,0,0,0,0,0,0,0
22000.5,Running,0,0,0,0,0,0,0,0,0,0,0,0,0,0,0,0,0,0,0,0,0,0,0,0,0,0,0,0,0,0,0,0,0,0,0,0
22100.6,Running,0,0,0,0,0,0,0,0,0,0,0,0,0,0,0,0,0,0,0,0,0,0,0,0,0,0,0,0,0,0,0,0,0,0,0,0
22200.7,Running,0,0,0,0,0,0,0,0,0,0,0,0,0,0,0,0,0,0,0,0,0,0,0,0,0,0,0,0,0,0,0,0,0,0,0,0
22300.9,Running,0,0,0,0,0,0,0,0,0,0,0,0,0,0,0,0,0,0,0,0,0,0,0,0,0,0,0,0,0,0,0,0,0,0,0,0
22400.8,Running,0,0,0,0,0,0,0,0,0,0,0,0,0,0,0,0,0,0,0,0,0,0,0,0,0,0,0,0,0,0,0,0,0,0,0,0
22500.6,Running,0,0,0,0,0,0,0,0,0,0,0,0,0,0,0,0,0,0,0,0,0,0,0,0,0,0,0,0,0,0,0,0,0,0,0,0
22600.5,Running,0,0,0,0,0,0,0,0,0,0,0,0,0,0,0,0,0,0,0,0,0,0,0,0,0,0,0,0,0,0,0,0,0,0,0,0
22700.4,Running,0,0,0,0,0,0,0,0,0,0,0,0,0,0,0,0,0,0,0,0,0,0,0,0,0,0,0,0,0,0,0,0,0,0,0,0
22800.7,Running,0,0,0,0,0,0,0,0,0,0,0,0,0,0,0,0,0,0,0,0,0,0,0,0,0,0,0,0,0,0,0,0,0,0,0,0
22900.7,Running,0,0,0,0,0,0,0,0,0,0,0,0,0,0,0,0,0,0,0,0,0,0,0,0,0,0,0,0,0,0,0,0,0,0,0,0
23000.5,Running,0,0,0,0,0,0,0,0,0,0,0,0,0,0,0,0,0,0,0,0,0,0,0,0,0,0,0,0,0,0,0,0,0,0,0,0
23100.5,Running,0,0,0,0,0,0,0,0,0,0,0,0,0,0,0,0,0,0,0,0,0,0,0,0,0,0,0,0,0,0,0,0,0,0,0,0
23200.7,Running,0,0,0,0,0,0,0,0,0,0,0,0,0,0,0,0,0,0,0,0,0,0,0,0,0,0,0,0,0,0,0,0,0,0,0,0
23300.5,Running,0,0,0,0,0,0,0,0,0,0,0,0,0,0,0,0,0,0,0,0,0,0,0,0,0,0,0,0,0,0,0,0,0,0,0,0
23400.5,Running,0,0,0,0,0,0,0,0,0,0,0,0,0,0,0,0,0,0,0,0,0,0,0,0,0,0,0,0,0,0,0,0,0,0,0,0
23500.6,Running,0,0,0,0,0,0,0,0,0,0,0,0,0,0,0,0,0,0,0,0,0,0,0,0,0,0,0,0,0,0,0,0,0,0,0,0
23600.8,Running,0,0,0,0,0,0,0,0,0,0,0,0,0,0,0,0,0,0,0,0,0,0,0,0,0,0,0,0,0,0,0,0,0,0,0,0
23700.7,Running,3,0,0,0,6,18,5,1,1,1396648,4970448,0,1,0,0,28388544,0,0,0,0,0,0,0,16384,1,2,3,0,3,0,3,1,0,0,28388544,0
23800.9,Running,9,0,0,0,6,24,1,0,1,1396648,4970448,0,1,0,0,28388544,0,0,0,0,0,0,0,16384,1,2,3,0,9,0,10,1,0,0,28388544,0
23900.7,Running,15,0,0,0,6,18,5,0,1,1396648,4970448,0,1,0,0,28388544,0,0,0,0,0,0,0,16384,0,2,3,0,15,0,15,1,0,0,28388544,0
24000.4,Running,21,0,0,0,6,18,5,0,1,1396648,4970448,0,1,0,0,28388544,0,0,0,0,0,0,0,16384,0,2,3,0,21,0,21,1,0,0,28388544,0
24100.5,Running,27,0,0,0,6,18,5,0,1,1396648,4970448,0,1,0,0,28388544,0,0,0,0,0,0,0,16384,0,2,3,0,27,0,27,1,0,0,28388544,0
24200.6,Running,33,0,0,0,6,18,5,0,1,1396648,4970448,0,1,0,0,28388544,0,0,0,0,0,0,0,16384,0,2,3,0,33,0,33,1,0,0,28388544,0
24300.7,Running,39,0,0,0,6,18,5,0,1,1396648,4970448,0,1,0,0,28388544,0,0,0,0,0,0,0,16384,0,2,3,0,39,0,39,1,0,0,28388544,0
24400.6,Running,48,0,0,0,6,25,6,0,1,1396648,4970448,0,1,0,0,28388544,0,0,0,0,0,0,0,16384,0,2,3,0,48,0,45,1,0,0,28388544,0
24500.4,Running,65,0,0,0,6,25,6,0,1,1396648,4970448,0,1,0,0,28388544,0,0,0,0,0,0,0,16384,0,4,4,0,65,0,51,1,0,0,28388544,0
24600.4,Running,81,0,0,0,6,25,6,0,1,1396648,4970448,0,1,0,0,28388544,0,0,0,0,0,0,0,16384,0,4,4,0,81,0,57,1,0,0,28388544,0
24700.9,Running,98,0,0,0,6,25,6,0,1,1396648,4970448,0,1,0,0,28388544,0,0,0,0,0,0,0,16384,0,4,4,0,98,0,63,1,0,0,28388544,0
24800.8,Running,114,0,0,0,6,25,6,0,1,1396648,4970448,0,1,0,0,28388544,0,0,0,0,0,0,0,16384,0,4,4,0,114,0,69,1,0,0,28388544,0
24900.5,Running,129,0,0,0,6,25,6,0,1,1396648,4970448,0,1,0,0,28388544,0,0,0,0,0,0,0,16384,0,4,4,0,129,0,75,1,0,0,28388544,0
25000.6,Running,144,0,0,0,6,25,6,0,1,1396648,4970448,0,1,0,0,28388544,0,0,0,0,0,0,0,16384,0,4,4,0,144,0,81,1,0,0,28388544,0
25100.4,Running,160,0,0,0,6,25,6,0,1,1396648,4970448,0,1,0,0,28388544,0,0,0,0,0,0,0,16384,0,4,4,0,160,0,87,1,0,0,28388544,0
25201.0,Running,174,0,0,0,6,25,6,0,1,1396648,4970448,0,1,0,0,28388544,0,0,0,0,0,0,0,16384,0,4,4,0,174,0,93,1,0,0,28388544,0
25300.5,Running,189,0,0,0,6,25,6,0,1,1396648,4970448,0,1,0,0,28388544,0,0,0,0,0,0,0,16384,0,4,4,0,189,0,99,1,0,0,28388544,0
25400.5,Running,204,0,0,0,6,25,6,0,1,1396648,4970448,0,1,0,0,28388544,0,0,0,0,0,0,0,16384,0,4,4,0,204,0,105,1,0,0,28388544,0
25500.8,Running,219,0,0,0,6,25,6,0,1,1396648,4970448,0,1,0,0,28388544,0,0,0,0,0,0,0,16384,0,4,4,0,219,0,111,1,0,0,28388544,0
25600.7,Running,234,0,0,0,6,25,6,0,1,1396648,4970448,0,1,0,0,28388544,0,0,0,0,0,0,0,16384,0,4,4,0,234,0,117,1,0,0,28388544,0
25700.7,Running,249,0,0,0,6,25,6,0,1,1396648,4970448,0,1,0,0,28388544,0,0,0,0,0,0,0,16384,0,4,4,0,249,0,123,1,0,0,28388544,0
25800.4,Running,263,0,0,0,6,25,6,0,1,1396648,4970448,0,1,0,0,28388544,0,0,0,0,0,0,0,16384,0,4,4,0,263,0,129,1,0,0,28388544,0
25900.7,Running,278,0,0,0,6,25,6,0,1,1396648,4970448,0,1,0,0,28388544,0,0,0,0,0,0,0,16384,0,4,4,0,278,0,135,1,0,0,28388544,0
26000.5,Running,294,0,0,0,6,25,6,0,1,1396648,4970448,0,1,0,0,28388544,0,0,0,0,0,0,0,16384,0,4,4,0,294,0,141,1,0,0,28388544,0
26100.6,Running,308,0,0,0,6,25,6,0,1,1396648,4970448,0,1,0,0,28388544,0,0,0,0,0,0,0,16384,0,4,4,0,308,0,147,1,0,0,28388544,0
26200.5,Running,323,0,0,0,6,25,6,0,1,1396648,4970448,0,1,0,0,28388544,0,0,0,0,0,0,0,16384,0,4,4,0,323,0,153,1,0,0,28388544,0
26300.8,Running,338,0,0,0,6,25,6,0,1,1396648,4970448,0,1,0,0,28388544,0,0,0,0,0,0,0,16384,0,4,4,0,338,0,159,1,0,0,28388544,0
26400.6,Running,353,0,0,0,6,25,6,0,1,1396648,4970448,0,1,0,0,28388544,0,0,0,0,0,0,0,16384,0,4,4,0,353,0,165,1,0,0,28388544,0
26500.4,Running,368,0,0,0,6,25,6,0,1,1396648,4970448,0,1,0,0,28388544,0,0,0,0,0,0,0,16384,0,4,4,0,368,0,171,1,0,0,28388544,0
26600.6,Running,383,0,0,0,6,25,6,0,1,1396648,4970448,0,1,0,0,28388544,0,0,0,0,0,0,0,16384,0,4,4,0,383,0,177,1,0,0,28388544,0
26700.5,Running,397,0,0,0,6,25,6,0,1,1396648,4970448,0,1,0,0,28388544,0,0,0,0,0,0,0,16384,0,4,4,0,397,0,183,1,0,0,28388544,0
26800.5,Running,412,0,0,0,6,25,6,0,1,1396648,4970448,0,1,0,0,28388544,0,0,0,0,0,0,0,16384,0,4,4,0,412,0,189,1,0,0,28388544,0
26900.4,Running,428,0,0,0,6,25,6,0,1,1396648,4970448,0,1,0,0,28388544,0,0,0,0,0,0,0,16384,0,4,4,0,428,0,195,1,0,0,28388544,0
27000.5,Running,442,0,0,0,6,25,6,0,1,1396648,4970448,0,1,0,0,28388544,0,0,0,0,0,0,0,16384,0,4,4,0,442,0,201,1,0,0,28388544,0
27100.5,Running,457,0,0,0,6,25,6,0,1,1396648,4970448,0,1,0,0,28388544,0,0,0,0,0,0,0,16384,0,4,4,0,457,0,207,1,0,0,28388544,0
27200.4,Running,472,0,0,0,6,25,6,0,1,1396648,4970448,0,1,0,0,28388544,0,0,0,0,0,0,0,16384,0,4,4,0,472,0,213,1,0,0,28388544,0
27300.9,Running,487,0,0,0,6,25,6,0,1,1396648,4970448,0,1,0,0,28388544,0,0,0,0,0,0,0,16384,0,4,4,0,487,0,219,1,0,0,28388544,0
27400.5,Running,500,0,0,0,6,25,6,0,1,1396648,4970448,0,1,0,0,28388544,0,0,0,0,0,0,0,16384,0,4,4,0,500,0,225,1,0,0,28388544,0
27500.8,Running,512,0,0,0,6,25,6,0,1,1396648,4970448,0,1,0,0,28388544,0,0,0,0,0,0,0,16384,0,4,4,0,512,0,231,1,0,0,28388544,0
27600.6,Running,524,0,0,0,6,25,6,0,1,1396648,4970448,0,1,0,0,28388544,0,0,0,0,0,0,0,16384,0,4,4,0,524,0,237,1,0,0,28388544,0
27700.5,Running,536,0,0,0,6,25,6,0,1,1396648,4970448,0,1,0,0,28388544,0,0,0,0,0,0,0,16384,0,4,4,0,536,0,243,1,0,0,28388544,0
27800.5,Running,547,0,0,0,6,25,6,0,1,1396648,4970448,0,1,0,0,28388544,0,0,0,0,0,0,0,16384,0,4,4,0,547,0,249,1,0,0,28388544,0
27900.8,Running,553,0,0,0,6,25,6,0,1,1396648,4970448,0,1,0,0,28388544,0,0,0,0,0,0,0,16384,0,4,4,0,553,0,255,1,0,0,28388544,0
28000.9,Running,558,0,0,0,0,24,1,0,0,0,0,0,1,0,0,0,0,0,0,0,0,0,0,16384,1,0,0,0,558,0,0,1,0,0,28388544,0
28100.6,Running,558,0,0,0,0,24,1,0,0,0,0,0,1,0,0,0,0,0,0,0,0,0,0,16384,1,0,0,0,558,0,0,1,0,0,28388544,0
28200.9,Running,558,0,0,0,0,24,1,0,0,0,0,0,1,0,0,0,0,0,0,0,0,0,0,16384,1,0,0,0,558,0,0,1,0,0,28388544,0
28300.5,Running,558,0,0,0,0,24,1,0,0,0,0,0,1,0,0,0,0,0,0,0,0,0,0,16384,1,0,0,0,558,0,0,1,0,0,28388544,0
28400.4,Running,558,0,0,0,0,24,1,0,0,0,0,0,1,0,0,0,0,0,0,0,0,0,0,16384,1,0,0,0,558,0,0,1,0,0,28388544,0
28500.5,Running,558,0,0,0,0,24,1,0,0,0,0,0,1,0,0,0,0,0,0,0,0,0,0,16384,1,0,0,0,558,0,0,1,0,0,28388544,0
28600.7,Running,558,0,0,0,0,24,1,0,0,0,0,0,1,0,0,0,0,0,0,0,0,0,0,16384,1,0,0,0,558,0,0,1,0,0,28388544,0
28700.9,Running,558,0,0,0,0,24,1,0,0,0,0,0,1,0,0,0,0,0,0,0,0,0,0,16384,1,0,0,0,558,0,0,1,0,0,28388544,0
28800.5,Running,558,0,0,0,0,24,1,0,0,0,0,0,1,0,0,0,0,0,0,0,0,0,0,16384,1,0,0,0,558,0,0,1,0,0,28388544,0
28900.6,Running,558,0,0,0,0,24,1,0,0,0,0,0,1,0,0,0,0,0,0,0,0,0,0,16384,1,0,0,0,558,0,0,1,0,0,28388544,0
29000.7,Running,558,0,0,0,0,24,1,0,0,0,0,0,1,0,0,0,0,0,0,0,0,0,0,16384,1,0,0,0,558,0,0,1,0,0,28388544,0
29100.9,Running,558,0,0,0,0,24,1,0,0,0,0,0,1,0,0,0,0,0,0,0,0,0,0,16384,1,0,0,0,558,0,0,1,0,0,28388544,0
29200.5,Running,558,0,0,0,0,24,1,0,0,0,0,0,1,0,0,0,0,0,0,0,0,0,0,16384,1,0,0,0,558,0,0,1,0,0,28388544,0
29300.9,Running,558,0,0,0,0,24,1,0,0,0,0,0,1,0,0,0,0,0,0,0,0,0,0,16384,1,0,0,0,558,0,0,1,0,0,28388544,0
29400.6,Running,558,0,0,0,0,24,1,0,0,0,0,0,1,0,0,0,0,0,0,0,0,0,0,16384,1,0,0,0,558,0,0,1,0,0,28388544,0
29500.3,Running,558,0,0,0,0,24,1,0,0,0,0,0,1,0,0,0,0,0,0,0,0,0,0,16384,1,0,0,0,558,0,0,1,0,0,28388544,0
29600.7,Running,558,0,0,0,0,24,1,0,0,0,0,0,1,0,0,0,0,0,0,0,0,0,0,16384,1,0,0,0,558,0,0,1,0,0,28388544,0
29700.9,Running,558,0,0,0,0,24,1,0,0,0,0,0,1,0,0,0,0,0,0,0,0,0,0,16384,1,0,0,0,558,0,0,1,0,0,28388544,0
29800.4,Running,558,0,0,0,0,24,1,0,0,0,0,0,1,0,0,0,0,0,0,0,0,0,0,16384,1,0,0,0,558,0,0,1,0,0,28388544,0
29900.6,Running,558,0,0,0,0,24,1,0,0,0,0,0,1,0,0,0,0,0,0,0,0,0,0,16384,1,0,0,0,558,0,0,1,0,0,28388544,0
30000.6,Running,558,0,0,0,0,24,1,0,0,0,0,0,1,0,0,0,0,0,0,0,0,0,0,16384,1,0,0,0,558,0,0,1,0,0,28388544,0
30100.7,Running,558,0,0,0,0,24,1,0,0,0,0,0,1,0,0,0,0,0,0,0,0,0,0,16384,1,0,0,0,558,0,0,1,0,0,28388544,0
30200.6,Running,558,0,0,0,0,24,1,0,0,0,0,0,1,0,0,0,0,0,0,0,0,0,0,16384,1,0,0,0,558,0,0,1,0,0,28388544,0
30300.6,Running,558,0,0,0,0,24,1,0,0,0,0,0,1,0,0,0,0,0,0,0,0,0,0,16384,1,0,0,0,558,0,0,1,0,0,28388544,0
30400.5,Running,558,0,0,0,0,24,1,0,0,0,0,0,1,0,0,0,0,0,0,0,0,0,0,16384,1,0,0,0,558,0,0,1,0,0,28388544,0
30501.0,Running,558,0,0,0,0,24,1,0,0,0,0,0,1,0,0,0,0,0,0,0,0,0,0,16384,1,0,0,0,558,0,0,1,0,0,28388544,0
30600.4,Running,558,0,0,0,0,24,1,0,0,0,0,0,1,0,0,0,0,0,0,0,0,0,0,16384,1,0,0,0,558,0,0,1,0,0,28388544,0
30700.4,Running,558,0,0,0,0,24,1,0,0,0,0,0,1,0,0,0,0,0,0,0,0,0,0,16384,1,0,0,0,558,0,0,1,0,0,28388544,0
30800.5,Running,558,0,0,0,0,24,1,0,0,0,0,0,1,0,0,0,0,0,0,0,0,0,0,16384,1,0,0,0,558,0,0,1,0,0,28388544,0
30900.6,Running,558,0,0,0,0,24,1,0,0,0,0,0,1,0,0,0,0,0,0,0,0,0,0,16384,1,0,0,0,558,0,0,1,0,0,28388544,0
31000.7,Running,558,0,0,0,0,24,1,0,0,0,0,0,1,0,0,0,0,0,0,0,0,0,0,16384,1,0,0,0,558,0,0,1,0,0,28388544,0
31100.3,Running,558,0,0,0,0,24,1,0,0,0,0,0,1,0,0,0,0,0,0,0,0,0,0,16384,1,0,0,0,558,0,0,1,0,0,28388544,0
31200.7,Running,558,0,0,0,0,24,1,0,0,0,0,0,1,0,0,0,0,0,0,0,0,0,0,16384,1,0,0,0,558,0,0,1,0,0,28388544,0
31301.6,Running,558,0,0,0,0,24,1,0,0,0,0,0,1,0,0,0,0,0,0,0,0,0,0,16384,1,0,0,0,558,0,0,1,0,0,28388544,0
31400.9,Running,558,0,0,0,0,24,1,0,0,0,0,0,1,0,0,0,0,0,0,0,0,0,0,16384,1,0,0,0,558,0,0,1,0,0,28388544,0
31500.7,Running,563,0,0,0,10,18,9,0,1,1396648,4970448,0,1,0,0,28388544,0,0,0,0,0,0,0,16384,0,2,3,0,563,0,5,1,0,0,28388544,0
31600.9,Running,569,0,0,0,10,18,9,0,1,1396648,4970448,0,1,0,0,28388544,0,0,0,0,0,0,0,16384,0,2,3,0,569,0,11,1,0,0,28388544,0
31700.8,Running,575,0,0,0,10,18,9,0,1,1396648,4970448,0,1,0,0,28388544,0,0,0,0,0,0,0,16384,0,2,3,0,575,0,17,1,0,0,28388544,0
31800.5,Running,581,0,0,0,10,18,9,0,1,1396648,4970448,0,1,0,0,28388544,0,0,0,0,0,0,0,16384,0,2,3,0,581,0,23,1,0,0,28388544,0
31900.8,Running,587,0,0,0,10,18,9,0,1,1396648,4970448,0,1,0,0,28388544,0,0,0,0,0,0,0,16384,0,2,3,0,587,0,29,1,0,0,28388544,0
32000.7,Running,593,0,0,0,10,18,9,0,1,1396648,4970448,0,1,0,0,28388544,0,0,0,0,0,0,0,16384,0,2,3,0,593,0,35,1,0,0,28388544,0
32101.0,Running,600,0,1,0,10,25,10,0,1,1396648,4970448,0,1,0,1,28388544,0,0,0,0,0,0,0,16384,1,2,3,0,599,1,41,1,0,0,28388544,0
32200.5,Running,614,0,0,0,10,25,10,0,1,1396648,4970448,0,1,0,0,28388544,0,0,0,0,0,0,0,16384,0,4,4,0,614,0,47,1,0,0,28388544,0
32300.4,Running,630,0,0,0,10,25,10,0,1,1396648,4970448,0,1,0,0,28388544,0,0,0,0,0,0,0,16384,0,4,4,0,630,0,53,1,0,0,28388544,0
32400.6,Running,646,0,0,0,10,25,10,0,1,1396648,4970448,0,1,0,0,28388544,0,0,0,0,0,0,0,16384,0,4,4,0,646,0,59,1,0,0,28388544,0
32500.9,Running,663,0,0,0,10,25,10,0,1,1396648,4970448,0,1,0,0,28388544,0,0,0,0,0,0,0,16384,0,4,4,0,663,0,65,1,0,0,28388544,0
32600.5,Running,678,0,0,0,10,25,10,0,1,1396648,4970448,0,1,0,0,28388544,0,0,0,0,0,0,0,16384,0,4,4,0,678,0,71,1,0,0,28388544,0
32700.6,Running,693,0,0,0,10,25,10,0,1,1396648,4970448,0,1,0,0,28388544,0,0,0,0,0,0,0,16384,0,4,4,0,693,0,77,1,0,0,28388544,0
32800.7,Running,708,0,0,0,10,25,10,0,1,1396648,4970448,0,1,0,0,28388544,0,0,0,0,0,0,0,16384,0,4,4,0,708,0,83,1,0,0,28388544,0
32900.7,Running,723,0,0,0,10,25,10,0,1,1396648,4970448,0,1,0,0,28388544,0,0,0,0,0,0,0,16384,0,4,4,0,723,0,89,1,0,0,28388544,0
33000.5,Running,738,0,0,0,10,25,10,0,1,1396648,4970448,0,1,0,0,28388544,0,0,0,0,0,0,0,16384,0,4,4,0,738,0,95,1,0,0,28388544,0
33100.5,Running,753,0,0,0,10,25,10,0,1,1396648,4970448,0,1,0,0,28388544,0,0,0,0,0,0,0,16384,0,4,4,0,753,0,101,1,0,0,28388544,0
33200.4,Running,768,0,0,0,10,25,10,0,1,1396648,4970448,0,1,0,0,28388544,0,0,0,0,0,0,0,16384,0,4,4,0,768,0,107,1,0,0,28388544,0
33300.6,Running,783,0,0,0,10,25,10,0,1,1396648,4970448,0,1,0,0,28388544,0,0,0,0,0,0,0,16384,0,4,4,0,783,0,113,1,0,0,28388544,0
33400.8,Running,798,0,0,0,10,25,10,0,1,1396648,4970448,0,1,0,0,28388544,0,0,0,0,0,0,0,16384,0,4,4,0,798,0,119,1,0,0,28388544,0
33500.5,Running,813,0,0,0,10,25,10,0,1,1396648,4970448,0,1,0,0,28388544,0,0,0,0,0,0,0,16384,0,4,4,0,813,0,125,1,0,0,28388544,0
33600.4,Running,828,0,0,0,10,25,10,0,1,1396648,4970448,0,1,0,0,28388544,0,0,0,0,0,0,0,16384,0,4,4,0,828,0,131,1,0,0,28388544,0
33700.8,Running,844,0,0,0,10,25,10,0,1,1396648,4970448,0,1,0,0,28388544,0,0,0,0,0,0,0,16384,0,4,4,0,844,0,137,1,0,0,28388544,0
33800.7,Running,859,0,0,0,10,25,10,0,1,1396648,4970448,0,1,0,0,28388544,0,0,0,0,0,0,0,16384,0,4,4,0,859,0,143,1,0,0,28388544,0
33900.7,Running,874,0,0,0,10,25,10,0,1,1396648,4970448,0,1,0,0,28388544,0,0,0,0,0,0,0,16384,0,4,4,0,874,0,149,1,0,0,28388544,0
34001.1,Running,889,0,0,0,10,25,10,0,1,1396648,4970448,0,1,0,0,28388544,0,0,0,0,0,0,0,16384,0,4,4,0,889,0,155,1,0,0,28388544,0
34100.7,Running,905,0,0,0,10,25,10,0,1,1396648,4970448,0,1,0,0,28388544,0,0,0,0,0,0,0,16384,0,4,4,0,905,0,161,1,0,0,28388544,0
34200.5,Running,920,0,0,0,10,25,10,0,1,1396648,4970448,0,1,0,0,28388544,0,0,0,0,0,0,0,16384,0,4,4,0,920,0,167,1,0,0,28388544,0
34300.6,Running,935,0,0,0,10,25,10,0,1,1396648,4970448,0,1,0,0,28388544,0,0,0,0,0,0,0,16384,0,4,4,0,935,0,173,1,0,0,28388544,0
34400.6,Running,950,0,0,0,10,25,10,0,1,1396648,4970448,0,1,0,0,28388544,0,0,0,0,0,0,0,16384,0,4,4,0,950,0,179,1,0,0,28388544,0
34500.4,Running,965,0,0,0,10,25,10,0,1,1396648,4970448,0,1,0,0,28388544,0,0,0,0,0,0,0,16384,0,4,4,0,965,0,185,1,0,0,28388544,0
34600.3,Running,981,0,0,0,10,25,10,0,1,1396648,4970448,0,1,0,0,28388544,0,0,0,0,0,0,0,16384,0,4,4,0,981,0,191,1,0,0,28388544,0
34701.0,Running,997,0,0,0,10,25,10,0,1,1396648,4970448,0,1,0,0,28388544,0,0,0,0,0,0,0,16384,0,4,4,0,997,0,197,1,0,0,28388544,0
34800.4,Running,1012,0,0,0,10,25,10,0,1,1396648,4970448,0,1,0,0,28388544,0,0,0,0,0,0,0,16384,0,4,4,0,1012,0,203,1,0,0,28388544,0
34900.4,Running,1027,0,0,0,10,25,10,0,1,1396648,4970448,0,1,0,0,28388544,0,0,0,0,0,0,0,16384,0,4,4,0,1027,0,209,1,0,0,28388544,0
35000.5,Running,1043,0,0,0,10,25,10,0,1,1396648,4970448,0,1,0,0,28388544,0,0,0,0,0,0,0,16384,0,4,4,0,1043,0,215,1,0,0,28388544,0
35100.6,Running,1058,0,0,0,10,25,10,0,1,1396648,4970448,0,1,0,0,28388544,0,0,0,0,0,0,0,16384,0,4,4,0,1058,0,221,1,0,0,28388544,0
35200.7,Running,1073,0,0,0,10,25,10,0,1,1396648,4970448,0,1,0,0,28388544,0,0,0,0,0,0,0,16384,0,4,4,0,1073,0,227,1,0,0,28388544,0
35300.7,Running,1088,0,0,0,10,25,10,0,1,1396648,4970448,0,1,0,0,28388544,0,0,0,0,0,0,0,16384,0,4,4,0,1088,0,233,1,0,0,28388544,0
35400.6,Running,1103,0,0,0,10,25,10,0,1,1396648,4970448,0,1,0,0,28388544,0,0,0,0,0,0,0,16384,0,4,4,0,1103,0,239,1,0,0,28388544,0
35500.3,Running,1118,0,0,0,10,25,10,0,1,1396648,4970448,0,1,0,0,28388544,0,0,0,0,0,0,0,16384,0,4,4,0,1118,0,245,1,0,0,28388544,0
35600.3,Running,1133,0,0,0,10,25,10,0,1,1396648,4970448,0,1,0,0,28388544,0,0,0,0,0,0,0,16384,0,4,4,0,1133,0,251,1,0,0,28388544,0
35700.6,Running,1148,0,0,0,10,25,10,0,1,1396648,4970448,0,1,0,0,28388544,0,0,0,0,0,0,0,16384,0,4,4,0,1148,0,257,1,0,0,28388544,0
35800.5,Running,1163,0,0,0,10,25,10,0,1,1396648,4970448,0,1,0,0,28388544,0,0,0,0,0,0,0,16384,0,4,4,0,1163,0,263,1,0,0,28388544,0
35900.5,Running,1178,0,0,0,10,25,10,0,1,1396648,4970448,0,1,0,0,28388544,0,0,0,0,0,0,0,16384,0,4,4,0,1178,0,269,1,0,0,28388544,0
36000.6,Running,1193,0,0,0,10,25,10,0,1,1396648,4970448,0,1,0,0,28388544,0,0,0,0,0,0,0,16384,0,4,4,0,1193,0,275,1,0,0,28388544,0
36100.6,Running,1209,0,0,0,10,25,10,0,1,1396648,4970448,0,1,0,0,28388544,0,0,0,0,0,0,0,16384,0,4,4,0,1209,0,281,1,0,0,28388544,0
36200.5,Running,1224,0,0,0,10,25,10,0,1,1396648,4970448,0,1,0,0,28388544,0,0,0,0,0,0,0,16384,0,4,4,0,1224,0,287,1,0,0,28388544,0
36300.4,Running,1239,0,0,0,10,25,10,0,1,1396648,4970448,0,1,0,0,28388544,0,0,0,0,0,0,0,16384,0,4,4,0,1239,0,293,1,0,0,28388544,0
36400.3,Running,1255,0,0,0,10,25,10,0,1,1396648,4970448,0,1,0,0,28388544,0,0,0,0,0,0,0,16384,0,4,4,0,1255,0,299,1,0,0,28388544,0
36500.4,Running,1266,0,0,0,10,25,10,0,1,1396648,4970448,0,1,0,0,28388544,0,0,0,0,0,0,0,16384,0,4,4,0,1266,0,305,1,0,0,28388544,0
36600.7,Running,1272,0,0,0,10,25,10,0,1,1396648,4970448,0,1,0,0,28388544,0,0,0,0,0,0,0,16384,0,4,4,0,1272,0,311,1,0,0,28388544,0
36700.7,Running,1278,0,0,0,10,25,10,0,1,1396648,4970448,0,1,0,0,28388544,0,0,0,0,0,0,0,16384,0,4,4,0,1278,0,317,1,0,0,28388544,0
36800.9,Running,1284,0,0,0,10,25,10,0,1,1396648,4970448,0,1,0,0,28388544,0,0,0,0,0,0,0,16384,0,4,4,0,1284,0,323,1,0,0,28388544,0
36900.4,Running,1290,0,0,0,10,25,10,0,1,1396648,4970448,0,1,0,0,28388544,0,0,0,0,0,0,0,16384,0,4,4,0,1290,0,329,1,0,0,28388544,0
37000.5,Running,1296,0,0,0,10,25,10,0,1,1396648,4970448,0,1,0,0,28388544,0,0,0,0,0,0,0,16384,0,4,4,0,1296,0,335,1,0,0,28388544,0
37100.4,Running,1302,0,0,0,10,25,10,0,1,1396648,4970448,0,1,0,0,28388544,0,0,0,0,0,0,0,16384,0,4,4,0,1302,0,341,1,0,0,28388544,0
37200.6,Running,1308,0,0,0,10,25,10,0,1,1396648,4970448,0,1,0,0,28388544,0,0,0,0,0,0,0,16384,0,4,4,0,1308,0,347,1,0,0,28388544,0
37300.4,Running,1314,0,0,0,10,25,10,0,1,1396648,4970448,0,1,0,0,28388544,0,0,0,0,0,0,0,16384,1,6,6,0,1314,0,353,1,0,0,28388544,0
37400.6,Running,1320,0,0,0,10,25,10,0,1,1396648,4970448,0,1,0,0,28388544,0,0,0,0,0,0,0,16384,1,6,6,0,1320,0,359,1,0,0,28388544,0
37500.4,Running,1326,0,0,0,10,25,10,0,1,1396648,4970448,0,1,0,0,28388544,0,0,0,0,0,0,0,16384,1,6,6,0,1326,0,365,1,0,0,28388544,0
37600.4,Running,1330,0,0,0,0,24,1,0,0,0,0,0,1,0,0,0,0,0,0,0,0,0,0,16384,1,0,0,0,1330,0,0,1,0,0,28388544,0
37700.8,Running,1330,0,0,0,0,24,1,0,0,0,0,0,1,0,0,0,0,0,0,0,0,0,0,16384,1,0,0,0,1330,0,0,1,0,0,28388544,0
37800.5,Running,1330,0,0,0,0,24,1,0,0,0,0,0,1,0,0,0,0,0,0,0,0,0,0,16384,1,0,0,0,1330,0,0,1,0,0,28388544,0
37900.7,Running,1330,0,0,0,0,24,1,0,0,0,0,0,1,0,0,0,0,0,0,0,0,0,0,16384,1,0,0,0,1330,0,0,1,0,0,28388544,0
38000.5,Running,1330,0,0,0,0,24,1,0,0,0,0,0,1,0,0,0,0,0,0,0,0,0,0,16384,1,0,0,0,1330,0,0,1,0,0,28388544,0
38100.7,Running,1330,0,0,0,0,24,1,0,0,0,0,0,1,0,0,0,0,0,0,0,0,0,0,16384,1,0,0,0,1330,0,0,1,0,0,28388544,0
38200.8,Running,1330,0,0,0,0,24,1,0,0,0,0,0,1,0,0,0,0,0,0,0,0,0,0,16384,1,0,0,0,1330,0,0,1,0,0,28388544,0
38300.7,Running,1330,0,0,0,0,24,1,0,0,0,0,0,1,0,0,0,0,0,0,0,0,0,0,16384,1,0,0,0,1330,0,0,1,0,0,28388544,0
38400.5,Running,1330,0,0,0,0,24,1,0,0,0,0,0,1,0,0,0,0,0,0,0,0,0,0,16384,1,0,0,0,1330,0,0,1,0,0,28388544,0
38501.2,Running,1330,0,0,0,0,24,1,0,0,0,0,0,1,0,0,0,0,0,0,0,0,0,0,16384,1,0,0,0,1330,0,0,1,0,0,28388544,0
38600.9,Running,1330,0,0,0,0,24,1,0,0,0,0,0,1,0,0,0,0,0,0,0,0,0,0,16384,1,0,0,0,1330,0,0,1,0,0,28388544,0
38701.4,Running,1330,0,0,0,0,24,1,0,0,0,0,0,1,0,0,0,0,0,0,0,0,0,0,16384,1,0,0,0,1330,0,0,1,0,0,28388544,0
38800.8,Running,1330,0,0,0,0,24,1,0,0,0,0,0,1,0,0,0,0,0,0,0,0,0,0,16384,1,0,0,0,1330,0,0,1,0,0,28388544,0
38900.7,Running,1330,0,0,0,0,24,1,0,0,0,0,0,1,0,0,0,0,0,0,0,0,0,0,16384,1,0,0,0,1330,0,0,1,0,0,28388544,0
39000.7,Running,1330,0,0,0,0,24,1,0,0,0,0,0,1,0,0,0,0,0,0,0,0,0,0,16384,1,0,0,0,1330,0,0,1,0,0,28388544,0
39101.2,Running,1330,0,0,0,0,24,1,0,0,0,0,0,1,0,0,0,0,0,0,0,0,0,0,16384,1,0,0,0,1330,0,0,1,0,0,28388544,0
39200.5,Running,1330,0,0,0,0,24,1,0,0,0,0,0,1,0,0,0,0,0,0,0,0,0,0,16384,1,0,0,0,1330,0,0,1,0,0,28388544,0
39300.5,Running,1330,0,0,0,0,24,1,0,0,0,0,0,1,0,0,0,0,0,0,0,0,0,0,16384,1,0,0,0,1330,0,0,1,0,0,28388544,0
39400.6,Running,1330,0,0,0,0,24,1,0,0,0,0,0,1,0,0,0,0,0,0,0,0,0,0,16384,1,0,0,0,1330,0,0,1,0,0,28388544,0
39500.5,Running,1330,0,0,0,0,24,1,0,0,0,0,0,1,0,0,0,0,0,0,0,0,0,0,16384,1,0,0,0,1330,0,0,1,0,0,28388544,0
39600.9,Running,1330,0,0,0,0,24,1,0,0,0,0,0,1,0,0,0,0,0,0,0,0,0,0,16384,1,0,0,0,1330,0,0,1,0,0,28388544,0
39700.4,Running,1330,0,0,0,0,24,1,0,0,0,0,0,1,0,0,0,0,0,0,0,0,0,0,16384,1,0,0,0,1330,0,0,1,0,0,28388544,0
39800.4,Running,1330,0,0,0,0,24,1,0,0,0,0,0,1,0,0,0,0,0,0,0,0,0,0,16384,1,0,0,0,1330,0,0,1,0,0,28388544,0
39900.4,Running,1330,0,0,0,0,24,1,0,0,0,0,0,1,0,0,0,0,0,0,0,0,0,0,16384,1,0,0,0,1330,0,0,1,0,0,28388544,0
40000.9,Running,1330,0,0,0,0,24,1,0,0,0,0,0,1,0,0,0,0,0,0,0,0,0,0,16384,1,0,0,0,1330,0,0,1,0,0,28388544,0
40100.8,Running,1330,0,0,0,0,24,1,0,0,0,0,0,1,0,0,0,0,0,0,0,0,0,0,16384,1,0,0,0,1330,0,0,1,0,0,28388544,0
40201.1,Running,1330,0,0,0,0,24,1,0,0,0,0,0,1,0,0,0,0,0,0,0,0,0,0,16384,1,0,0,0,1330,0,0,1,0,0,28388544,0
40300.7,Running,1330,0,0,0,0,24,1,0,0,0,0,0,1,0,0,0,0,0,0,0,0,0,0,16384,1,0,0,0,1330,0,0,1,0,0,28388544,0
40400.9,Running,1330,0,0,0,0,24,1,0,0,0,0,0,1,0,0,0,0,0,0,0,0,0,0,16384,1,0,0,0,1330,0,0,1,0,0,28388544,0
40500.6,Running,1330,0,0,0,0,24,1,0,0,0,0,0,1,0,0,0,0,0,0,0,0,0,0,16384,1,0,0,0,1330,0,0,1,0,0,28388544,0
40601.0,Running,1330,0,0,0,0,24,1,0,0,0,0,0,1,0,0,0,0,0,0,0,0,0,0,16384,1,0,0,0,1330,0,0,1,0,0,28388544,0
40700.7,Running,1330,0,0,0,0,24,1,0,0,0,0,0,1,0,0,0,0,0,0,0,0,0,0,16384,1,0,0,0,1330,0,0,1,0,0,28388544,0
40800.5,Running,1330,0,0,0,0,24,1,0,0,0,0,0,1,0,0,0,0,0,0,0,0,0,0,16384,1,0,0,0,1330,0,0,1,0,0,28388544,0
40900.4,Running,1330,0,0,0,0,24,1,0,0,0,0,0,1,0,0,0,0,0,0,0,0,0,0,16384,1,0,0,0,1330,0,0,1,0,0,28388544,0
41000.5,Running,1330,0,0,0,0,24,1,0,0,0,0,0,1,0,0,0,0,0,0,0,0,0,0,16384,1,0,0,0,1330,0,0,1,0,0,28388544,0
41100.5,Running,1330,0,0,0,0,24,1,0,0,0,0,0,1,0,0,0,0,0,0,0,0,0,0,16384,1,0,0,0,1330,0,0,1,0,0,28388544,0
41200.8,Running,1330,0,0,0,0,24,1,0,0,0,0,0,1,0,0,0,0,0,0,0,0,0,0,16384,1,0,0,0,1330,0,0,1,0,0,28388544,0
41300.4,Running,1330,0,0,0,0,24,1,0,0,0,0,0,1,0,0,0,0,0,0,0,0,0,0,16384,1,0,0,0,1330,0,0,1,0,0,28388544,0
41400.9,Running,1330,0,0,0,0,24,1,0,0,0,0,0,1,0,0,0,0,0,0,0,0,0,0,16384,1,0,0,0,1330,0,0,1,0,0,28388544,0
41500.6,Running,1330,0,0,0,0,24,1,0,0,0,0,0,1,0,0,0,0,0,0,0,0,0,0,16384,1,0,0,0,1330,0,0,1,0,0,28388544,0
41600.9,Running,1330,0,0,0,0,24,1,0,0,0,0,0,1,0,0,0,0,0,0,0,0,0,0,16384,1,0,0,0,1330,0,0,1,0,0,28388544,0
41700.9,Running,1330,0,0,0,0,24,1,0,0,0,0,0,1,0,0,0,0,0,0,0,0,0,0,16384,1,0,0,0,1330,0,0,1,0,0,28388544,0
41800.5,Running,1330,0,0,0,0,24,1,0,0,0,0,0,1,0,0,0,0,0,0,0,0,0,0,16384,1,0,0,0,1330,0,0,1,0,0,28388544,0
41900.7,Running,1330,0,0,0,0,24,1,0,0,0,0,0,1,0,0,0,0,0,0,0,0,0,0,16384,1,0,0,0,1330,0,0,1,0,0,28388544,0
42000.5,Running,1330,0,0,0,0,24,1,0,0,0,0,0,1,0,0,0,0,0,0,0,0,0,0,16384,1,0,0,0,1330,0,0,1,0,0,28388544,0
42100.7,Running,1330,0,0,0,0,24,1,0,0,0,0,0,1,0,0,0,0,0,0,0,0,0,0,16384,1,0,0,0,1330,0,0,1,0,0,28388544,0
42200.4,Running,1330,0,0,0,0,24,1,0,0,0,0,0,1,0,0,0,0,0,0,0,0,0,0,16384,1,0,0,0,1330,0,0,1,0,0,28388544,0
42300.6,Running,1330,0,0,0,0,24,1,0,0,0,0,0,1,0,0,0,0,0,0,0,0,0,0,16384,1,0,0,0,1330,0,0,1,0,0,28388544,0
42401.2,Running,1330,0,0,0,0,24,1,0,0,0,0,0,1,0,0,0,0,0,0,0,0,0,0,16384,1,0,0,0,1330,0,0,1,0,0,28388544,0
42500.7,Running,1330,0,0,0,0,24,1,0,0,0,0,0,1,0,0,0,0,0,0,0,0,0,0,16384,1,0,0,0,1330,0,0,1,0,0,28388544,0
42600.8,Running,1330,0,0,0,0,24,1,0,0,0,0,0,1,0,0,0,0,0,0,0,0,0,0,16384,1,0,0,0,1330,0,0,1,0,0,28388544,0
42700.7,Running,1330,0,0,0,0,24,1,0,0,0,0,0,1,0,0,0,0,0,0,0,0,0,0,16384,1,0,0,0,1330,0,0,1,0,0,28388544,0
42800.9,Running,1330,0,0,0,0,24,1,0,0,0,0,0,1,0,0,0,0,0,0,0,0,0,0,16384,1,0,0,0,1330,0,0,1,0,0,28388544,0
42900.6,Running,1330,0,0,0,0,24,1,0,0,0,0,0,1,0,0,0,0,0,0,0,0,0,0,16384,1,0,0,0,1330,0,0,1,0,0,28388544,0
43000.4,Running,1330,0,0,0,0,24,1,0,0,0,0,0,1,0,0,0,0,0,0,0,0,0,0,16384,1,0,0,0,1330,0,0,1,0,0,28388544,0
43100.4,Running,1330,0,0,0,0,24,1,0,0,0,0,0,1,0,0,0,0,0,0,0,0,0,0,16384,1,0,0,0,1330,0,0,1,0,0,28388544,0
43200.8,Running,1330,0,0,0,0,24,1,0,0,0,0,0,1,0,0,0,0,0,0,0,0,0,0,16384,1,0,0,0,1330,0,0,1,0,0,28388544,0
43300.4,Running,1330,0,0,0,0,24,1,0,0,0,0,0,1,0,0,0,0,0,0,0,0,0,0,16384,1,0,0,0,1330,0,0,1,0,0,28388544,0
43400.9,Running,1330,0,0,0,0,24,1,0,0,0,0,0,1,0,0,0,0,0,0,0,0,0,0,16384,1,0,0,0,1330,0,0,1,0,0,28388544,0
43500.6,Running,1330,0,0,0,0,24,1,0,0,0,0,0,1,0,0,0,0,0,0,0,0,0,0,16384,1,0,0,0,1330,0,0,1,0,0,28388544,0
43600.8,Running,1330,0,0,0,0,24,1,0,0,0,0,0,1,0,0,0,0,0,0,0,0,0,0,16384,1,0,0,0,1330,0,0,1,0,0,28388544,0
43700.6,Running,1330,0,0,0,0,24,1,0,0,0,0,0,1,0,0,0,0,0,0,0,0,0,0,16384,1,0,0,0,1330,0,0,1,0,0,28388544,0
43800.4,Running,1330,0,0,0,0,24,1,0,0,0,0,0,1,0,0,0,0,0,0,0,0,0,0,16384,1,0,0,0,1330,0,0,1,0,0,28388544,0
43900.7,Running,1330,0,0,0,0,24,1,0,0,0,0,0,1,0,0,0,0,0,0,0,0,0,0,16384,1,0,0,0,1330,0,0,1,0,0,28388544,0
44000.5,Running,1330,0,0,0,0,24,1,0,0,0,0,0,1,0,0,0,0,0,0,0,0,0,0,16384,1,0,0,0,1330,0,0,1,0,0,28388544,0
44100.4,Running,1330,0,0,0,0,24,1,0,0,0,0,0,1,0,0,0,0,0,0,0,0,0,0,16384,1,0,0,0,1330,0,0,1,0,0,28388544,0
44200.4,Running,1330,0,0,0,0,24,1,0,0,0,0,0,1,0,0,0,0,0,0,0,0,0,0,16384,1,0,0,0,1330,0,0,1,0,0,28388544,0
44300.4,Running,1330,0,0,0,0,24,1,0,0,0,0,0,1,0,0,0,0,0,0,0,0,0,0,16384,1,0,0,0,1330,0,0,1,0,0,28388544,0
44400.8,Running,1330,0,0,0,0,24,1,0,0,0,0,0,1,0,0,0,0,0,0,0,0,0,0,16384,1,0,0,0,1330,0,0,1,0,0,28388544,0
44501.0,Running,1330,0,0,0,0,24,1,0,0,0,0,0,1,0,0,0,0,0,0,0,0,0,0,16384,1,0,0,0,1330,0,0,1,0,0,28388544,0
44600.7,Running,1330,0,0,0,0,24,1,0,0,0,0,0,1,0,0,0,0,0,0,0,0,0,0,16384,1,0,0,0,1330,0,0,1,0,0,28388544,0
44701.0,Running,1330,0,0,0,0,24,1,0,0,0,0,0,1,0,0,0,0,0,0,0,0,0,0,16384,1,0,0,0,1330,0,0,1,0,0,28388544,0
44800.4,Running,1330,0,0,0,0,24,1,0,0,0,0,0,1,0,0,0,0,0,0,0,0,0,0,16384,1,0,0,0,1330,0,0,1,0,0,28388544,0
44900.7,Running,1330,0,0,0,0,24,1,0,0,0,0,0,1,0,0,0,0,0,0,0,0,0,0,16384,1,0,0,0,1330,0,0,1,0,0,28388544,0
45000.7,Running,1330,0,0,0,0,24,1,0,0,0,0,0,1,0,0,0,0,0,0,0,0,0,0,16384,1,0,0,0,1330,0,0,1,0,0,28388544,0
45100.6,Running,1330,0,0,0,0,24,1,0,0,0,0,0,1,0,0,0,0,0,0,0,0,0,0,16384,1,0,0,0,1330,0,0,1,0,0,28388544,0
45200.6,Running,1330,0,0,0,0,24,1,0,0,0,0,0,1,0,0,0,0,0,0,0,0,0,0,16384,1,0,0,0,1330,0,0,1,0,0,28388544,0
45300.4,Running,1330,0,0,0,0,24,1,0,0,0,0,0,1,0,0,0,0,0,0,0,0,0,0,16384,1,0,0,0,1330,0,0,1,0,0,28388544,0
45400.6,Running,1330,0,0,0,0,24,1,0,0,0,0,0,1,0,0,0,0,0,0,0,0,0,0,16384,1,0,0,0,1330,0,0,1,0,0,28388544,0
45500.7,Running,1330,0,0,0,0,24,1,0,0,0,0,0,1,0,0,0,0,0,0,0,0,0,0,16384,1,0,0,0,1330,0,0,1,0,0,28388544,0
45600.7,Running,1330,0,0,0,0,24,1,0,0,0,0,0,1,0,0,0,0,0,0,0,0,0,0,16384,1,0,0,0,1330,0,0,1,0,0,28388544,0
45701.0,Running,1330,0,0,0,0,24,1,0,0,0,0,0,1,0,0,0,0,0,0,0,0,0,0,16384,1,0,0,0,1330,0,0,1,0,0,28388544,0
45800.5,Running,1330,0,0,0,0,24,1,0,0,0,0,0,1,0,0,0,0,0,0,0,0,0,0,16384,1,0,0,0,1330,0,0,1,0,0,28388544,0
45900.6,Running,1330,0,0,0,0,24,1,0,0,0,0,0,1,0,0,0,0,0,0,0,0,0,0,16384,1,0,0,0,1330,0,0,1,0,0,28388544,0
46000.7,Running,1330,0,0,0,0,24,1,0,0,0,0,0,1,0,0,0,0,0,0,0,0,0,0,16384,1,0,0,0,1330,0,0,1,0,0,28388544,0
46101.0,Running,1330,0,0,0,0,24,1,0,0,0,0,0,1,0,0,0,0,0,0,0,0,0,0,16384,1,0,0,0,1330,0,0,1,0,0,28388544,0
46200.6,Running,1330,0,0,0,0,24,1,0,0,0,0,0,1,0,0,0,0,0,0,0,0,0,0,16384,1,0,0,0,1330,0,0,1,0,0,28388544,0
46300.7,Running,1330,0,0,0,0,24,1,0,0,0,0,0,1,0,0,0,0,0,0,0,0,0,0,16384,1,0,0,0,1330,0,0,1,0,0,28388544,0
46400.5,Running,1330,0,0,0,0,24,1,0,0,0,0,0,1,0,0,0,0,0,0,0,0,0,0,16384,1,0,0,0,1330,0,0,1,0,0,28388544,0
46500.5,Running,1330,0,0,0,0,24,1,0,0,0,0,0,1,0,0,0,0,0,0,0,0,0,0,16384,1,0,0,0,1330,0,0,1,0,0,28388544,0
46600.6,Running,1330,0,0,0,0,24,1,0,0,0,0,0,1,0,0,0,0,0,0,0,0,0,0,16384,1,0,0,0,1330,0,0,1,0,0,28388544,0
46700.8,Running,1330,0,0,0,0,24,1,0,0,0,0,0,1,0,0,0,0,0,0,0,0,0,0,16384,1,0,0,0,1330,0,0,1,0,0,28388544,0
46800.3,Running,1330,0,0,0,0,24,1,0,0,0,0,0,1,0,0,0,0,0,0,0,0,0,0,16384,1,0,0,0,1330,0,0,1,0,0,28388544,0
46900.9,Running,1330,0,0,0,0,24,1,0,0,0,0,0,1,0,0,0,0,0,0,0,0,0,0,16384,1,0,0,0,1330,0,0,1,0,0,28388544,0
47000.9,Running,1330,0,0,0,0,24,1,0,0,0,0,0,1,0,0,0,0,0,0,0,0,0,0,16384,1,0,0,0,1330,0,0,1,0,0,28388544,0
47100.8,Running,1330,0,0,0,0,24,1,0,0,0,0,0,1,0,0,0,0,0,0,0,0,0,0,16384,1,0,0,0,1330,0,0,1,0,0,28388544,0
47200.8,Running,1330,0,0,0,0,24,1,0,0,0,0,0,1,0,0,0,0,0,0,0,0,0,0,16384,1,0,0,0,1330,0,0,1,0,0,28388544,0
47300.8,Running,1330,0,0,0,0,24,1,0,0,0,0,0,1,0,0,0,0,0,0,0,0,0,0,16384,1,0,0,0,1330,0,0,1,0,0,28388544,0
47400.7,Running,1330,0,0,0,0,24,1,0,0,0,0,0,1,0,0,0,0,0,0,0,0,0,0,16384,1,0,0,0,1330,0,0,1,0,0,28388544,0
47500.7,Running,1330,0,0,0,0,24,1,0,0,0,0,0,1,0,0,0,0,0,0,0,0,0,0,16384,1,0,0,0,1330,0,0,1,0,0,28388544,0
47601.0,Running,1330,0,0,0,0,24,1,0,0,0,0,0,1,0,0,0,0,0,0,0,0,0,0,16384,1,0,0,0,1330,0,0,1,0,0,28388544,0
47700.8,Running,1330,0,0,0,0,24,1,0,0,0,0,0,1,0,0,0,0,0,0,0,0,0,0,16384,1,0,0,0,1330,0,0,1,0,0,28388544,0
47800.5,Running,1330,0,0,0,0,24,1,0,0,0,0,0,1,0,0,0,0,0,0,0,0,0,0,16384,1,0,0,0,1330,0,0,1,0,0,28388544,0
47900.6,Running,1330,0,0,0,0,24,1,0,0,0,0,0,1,0,0,0,0,0,0,0,0,0,0,16384,1,0,0,0,1330,0,0,1,0,0,28388544,0
48000.6,Running,1330,0,0,0,0,24,1,0,0,0,0,0,1,0,0,0,0,0,0,0,0,0,0,16384,1,0,0,0,1330,0,0,1,0,0,28388544,0
48100.8,Running,1330,0,0,0,0,24,1,0,0,0,0,0,1,0,0,0,0,0,0,0,0,0,0,16384,1,0,0,0,1330,0,0,1,0,0,28388544,0
48200.9,Running,1330,0,0,0,0,24,1,0,0,0,0,0,1,0,0,0,0,0,0,0,0,0,0,16384,1,0,0,0,1330,0,0,1,0,0,28388544,0
48300.6,Running,1330,0,0,0,0,24,1,0,0,0,0,0,1,0,0,0,0,0,0,0,0,0,0,16384,1,0,0,0,1330,0,0,1,0,0,28388544,0
48400.7,Running,1330,0,0,0,0,24,1,0,0,0,0,0,1,0,0,0,0,0,0,0,0,0,0,16384,1,0,0,0,1330,0,0,1,0,0,28388544,0
48501.1,Running,1330,0,0,0,0,24,1,0,0,0,0,0,1,0,0,0,0,0,0,0,0,0,0,16384,1,0,0,0,1330,0,0,1,0,0,28388544,0
48600.5,Running,1330,0,0,0,0,24,1,0,0,0,0,0,1,0,0,0,0,0,0,0,0,0,0,16384,1,0,0,0,1330,0,0,1,0,0,28388544,0
48700.9,Running,1330,0,0,0,0,24,1,0,0,0,0,0,1,0,0,0,0,0,0,0,0,0,0,16384,1,0,0,0,1330,0,0,1,0,0,28388544,0
48800.4,Running,1330,0,0,0,0,24,1,0,0,0,0,0,1,0,0,0,0,0,0,0,0,0,0,16384,1,0,0,0,1330,0,0,1,0,0,28388544,0
48900.4,Running,1330,0,0,0,0,24,1,0,0,0,0,0,1,0,0,0,0,0,0,0,0,0,0,16384,1,0,0,0,1330,0,0,1,0,0,28388544,0
49000.4,Running,1330,0,0,0,0,24,1,0,0,0,0,0,1,0,0,0,0,0,0,0,0,0,0,16384,1,0,0,0,1330,0,0,1,0,0,28388544,0
49100.6,Running,1330,0,0,0,0,24,1,0,0,0,0,0,1,0,0,0,0,0,0,0,0,0,0,16384,1,0,0,0,1330,0,0,1,0,0,28388544,0
49200.5,Running,1330,0,0,0,0,24,1,0,0,0,0,0,1,0,0,0,0,0,0,0,0,0,0,16384,1,0,0,0,1330,0,0,1,0,0,28388544,0
49300.7,Running,1330,0,0,0,0,24,1,0,0,0,0,0,1,0,0,0,0,0,0,0,0,0,0,16384,1,0,0,0,1330,0,0,1,0,0,28388544,0
49400.7,Running,1330,0,0,0,0,24,1,0,0,0,0,0,1,0,0,0,0,0,0,0,0,0,0,16384,1,0,0,0,1330,0,0,1,0,0,28388544,0
49500.4,Running,1330,0,0,0,0,24,1,0,0,0,0,0,1,0,0,0,0,0,0,0,0,0,0,16384,1,0,0,0,1330,0,0,1,0,0,28388544,0
49600.6,Running,1330,0,0,0,0,24,1,0,0,0,0,0,1,0,0,0,0,0,0,0,0,0,0,16384,1,0,0,0,1330,0,0,1,0,0,28388544,0
49700.7,Running,1330,0,0,0,0,24,1,0,0,0,0,0,1,0,0,0,0,0,0,0,0,0,0,16384,1,0,0,0,1330,0,0,1,0,0,28388544,0
49800.9,Running,1330,0,0,0,0,24,1,0,0,0,0,0,1,0,0,0,0,0,0,0,0,0,0,16384,1,0,0,0,1330,0,0,1,0,0,28388544,0
49900.7,Running,1330,0,0,0,0,24,1,0,0,0,0,0,1,0,0,0,0,0,0,0,0,0,0,16384,1,0,0,0,1330,0,0,1,0,0,28388544,0
50000.6,Running,1330,0,0,0,0,24,1,0,0,0,0,0,1,0,0,0,0,0,0,0,0,0,0,16384,1,0,0,0,1330,0,0,1,0,0,28388544,0
50100.5,Running,1330,0,0,0,0,24,1,0,0,0,0,0,1,0,0,0,0,0,0,0,0,0,0,16384,1,0,0,0,1330,0,0,1,0,0,28388544,0
50200.6,Running,1330,0,0,0,0,24,1,0,0,0,0,0,1,0,0,0,0,0,0,0,0,0,0,16384,1,0,0,0,1330,0,0,1,0,0,28388544,0
50300.6,Running,1330,0,0,0,0,24,1,0,0,0,0,0,1,0,0,0,0,0,0,0,0,0,0,16384,1,0,0,0,1330,0,0,1,0,0,28388544,0
50400.8,Running,1330,0,0,0,0,24,1,0,0,0,0,0,1,0,0,0,0,0,0,0,0,0,0,16384,1,0,0,0,1330,0,0,1,0,0,28388544,0
50500.9,Running,1330,0,0,0,0,24,1,0,0,0,0,0,1,0,0,0,0,0,0,0,0,0,0,16384,1,0,0,0,1330,0,0,1,0,0,28388544,0
50600.7,Running,1330,0,0,0,0,24,1,0,0,0,0,0,1,0,0,0,0,0,0,0,0,0,0,16384,1,0,0,0,1330,0,0,1,0,0,28388544,0
50701.1,Running,1330,0,0,0,0,24,1,0,0,0,0,0,1,0,0,0,0,0,0,0,0,0,0,16384,1,0,0,0,1330,0,0,1,0,0,28388544,0
50800.6,Running,1330,0,0,0,0,24,1,0,0,0,0,0,1,0,0,0,0,0,0,0,0,0,0,16384,1,0,0,0,1330,0,0,1,0,0,28388544,0
50900.5,Running,1330,0,0,0,0,24,1,0,0,0,0,0,1,0,0,0,0,0,0,0,0,0,0,16384,1,0,0,0,1330,0,0,1,0,0,28388544,0
51001.0,Running,1330,0,0,0,0,24,1,0,0,0,0,0,1,0,0,0,0,0,0,0,0,0,0,16384,1,0,0,0,1330,0,0,1,0,0,28388544,0
51101.2,Running,1330,0,0,0,0,24,1,0,0,0,0,0,1,0,0,0,0,0,0,0,0,0,0,16384,1,0,0,0,1330,0,0,1,0,0,28388544,0
51200.7,Running,1330,0,0,0,0,24,1,0,0,0,0,0,1,0,0,0,0,0,0,0,0,0,0,16384,1,0,0,0,1330,0,0,1,0,0,28388544,0
51300.9,Running,1330,0,0,0,0,24,1,0,0,0,0,0,1,0,0,0,0,0,0,0,0,0,0,16384,1,0,0,0,1330,0,0,1,0,0,28388544,0
51400.5,Running,1330,0,0,0,0,24,1,0,0,0,0,0,1,0,0,0,0,0,0,0,0,0,0,16384,1,0,0,0,1330,0,0,1,0,0,28388544,0
51500.4,Running,1330,0,0,0,0,24,1,0,0,0,0,0,1,0,0,0,0,0,0,0,0,0,0,16384,1,0,0,0,1330,0,0,1,0,0,28388544,0
51600.6,Running,1330,0,0,0,0,24,1,0,0,0,0,0,1,0,0,0,0,0,0,0,0,0,0,16384,1,0,0,0,1330,0,0,1,0,0,28388544,0
51700.4,Running,1330,0,0,0,0,24,1,0,0,0,0,0,1,0,0,0,0,0,0,0,0,0,0,16384,1,0,0,0,1330,0,0,1,0,0,28388544,0
51800.8,Running,1330,0,0,0,0,24,1,0,0,0,0,0,1,0,0,0,0,0,0,0,0,0,0,16384,1,0,0,0,1330,0,0,1,0,0,28388544,0
51900.5,Running,1330,0,0,0,0,24,1,0,0,0,0,0,1,0,0,0,0,0,0,0,0,0,0,16384,1,0,0,0,1330,0,0,1,0,0,28388544,0
52000.9,Running,1330,0,0,0,0,24,1,0,0,0,0,0,1,0,0,0,0,0,0,0,0,0,0,16384,1,0,0,0,1330,0,0,1,0,0,28388544,0
52100.6,Running,1330,0,0,0,0,24,1,0,0,0,0,0,1,0,0,0,0,0,0,0,0,0,0,16384,1,0,0,0,1330,0,0,1,0,0,28388544,0
52200.6,Running,1330,0,0,0,0,24,1,0,0,0,0,0,1,0,0,0,0,0,0,0,0,0,0,16384,1,0,0,0,1330,0,0,1,0,0,28388544,0
52300.4,Running,1330,0,0,0,0,24,1,0,0,0,0,0,1,0,0,0,0,0,0,0,0,0,0,16384,1,0,0,0,1330,0,0,1,0,0,28388544,0
52400.8,Running,1330,0,0,0,0,24,1,0,0,0,0,0,1,0,0,0,0,0,0,0,0,0,0,16384,1,0,0,0,1330,0,0,1,0,0,28388544,0
52500.7,Running,1330,0,0,0,0,24,1,0,0,0,0,0,1,0,0,0,0,0,0,0,0,0,0,16384,1,0,0,0,1330,0,0,1,0,0,28388544,0
52600.8,Running,1330,0,0,0,0,24,1,0,0,0,0,0,1,0,0,0,0,0,0,0,0,0,0,16384,1,0,0,0,1330,0,0,1,0,0,28388544,0
52700.6,Running,1330,0,0,0,0,24,1,0,0,0,0,0,1,0,0,0,0,0,0,0,0,0,0,16384,1,0,0,0,1330,0,0,1,0,0,28388544,0
52800.5,Running,1330,0,0,0,0,24,1,0,0,0,0,0,1,0,0,0,0,0,0,0,0,0,0,16384,1,0,0,0,1330,0,0,1,0,0,28388544,0
52900.8,Running,1330,0,0,0,0,24,1,0,0,0,0,0,1,0,0,0,0,0,0,0,0,0,0,16384,1,0,0,0,1330,0,0,1,0,0,28388544,0
53000.4,Running,1330,0,0,0,0,24,1,0,0,0,0,0,1,0,0,0,0,0,0,0,0,0,0,16384,1,0,0,0,1330,0,0,1,0,0,28388544,0
53100.7,Running,1333,0,0,0,14,25,14,0,1,1396648,4970448,0,1,0,0,28388544,0,0,0,0,0,0,0,16384,0,2,3,0,1333,0,3,1,0,0,28388544,0
53200.6,Running,1339,0,0,0,14,18,13,0,1,1396648,4970448,0,1,0,0,28388544,0,0,0,0,0,0,0,16384,0,2,3,0,1339,0,9,1,0,0,28388544,0
53300.7,Running,1345,0,0,0,14,18,13,0,1,1396648,4970448,0,1,0,0,28388544,0,0,0,0,0,0,0,16384,0,2,3,0,1345,0,15,1,0,0,28388544,0
53400.6,Running,1351,0,0,0,14,18,13,0,1,1396648,4970448,0,1,0,0,28388544,0,0,0,0,0,0,0,16384,0,2,3,0,1351,0,21,1,0,0,28388544,0
53500.4,Running,1357,0,0,0,14,18,13,0,1,1396648,4970448,0,1,0,0,28388544,0,0,0,0,0,0,0,16384,0,2,3,0,1357,0,27,1,0,0,28388544,0
53600.5,Running,1363,0,0,0,14,18,13,0,1,1396648,4970448,0,1,0,0,28388544,0,0,0,0,0,0,0,16384,0,2,3,0,1363,0,33,1,0,0,28388544,0
53700.4,Running,1369,0,0,0,14,18,13,0,1,1396648,4970448,0,1,0,0,28388544,0,0,0,0,0,0,0,16384,0,2,3,0,1369,0,39,1,0,0,28388544,0
53800.7,Running,1377,0,0,0,14,25,14,0,1,1396648,4970448,0,1,0,0,28388544,0,0,0,0,0,0,0,16384,0,2,3,0,1377,0,45,1,0,0,28388544,0
53900.7,Running,1392,0,1,0,14,25,14,0,1,1396648,4970448,0,1,0,1,28388544,0,0,0,0,0,0,0,16384,0,4,4,0,1391,1,51,1,0,0,28388544,0
54000.8,Running,1409,0,0,0,14,25,14,0,1,1396648,4970448,0,1,0,0,28388544,0,0,0,0,0,0,0,16384,0,4,4,0,1409,0,57,1,0,0,28388544,0
54100.8,Running,1424,0,1,0,14,25,14,0,1,1396648,4970448,0,1,0,1,28388544,0,0,0,0,0,0,0,16384,0,4,4,0,1423,1,63,1,0,0,28388544,0
54200.4,Running,1440,0,1,0,14,25,14,0,1,1396648,4970448,0,1,0,1,28388544,0,0,0,0,0,0,0,16384,0,4,4,0,1439,1,69,1,0,0,28388544,0
54300.7,Running,1457,0,1,0,14,25,14,0,1,1396648,4970448,0,1,0,1,28388544,0,0,0,0,0,0,0,16384,0,4,4,0,1456,1,75,1,0,0,28388544,0
54401.0,Running,1470,0,1,0,14,25,14,0,1,1396648,4970448,0,1,0,1,28388544,0,0,0,0,0,0,0,16384,0,4,4,0,1469,1,81,1,0,0,28388544,0
54500.6,Running,1486,0,1,0,14,25,14,0,1,1396648,4970448,0,1,0,1,28388544,0,0,0,0,0,0,0,16384,0,4,4,0,1485,1,87,1,0,0,28388544,0
54600.4,Running,1501,0,1,0,14,25,14,0,1,1396648,4970448,0,1,0,1,28388544,0,0,0,0,0,0,0,16384,0,4,4,0,1500,1,93,1,0,0,28388544,0
54700.9,Running,1516,0,1,0,14,25,14,0,1,1396648,4970448,0,1,0,1,28388544,0,0,0,0,0,0,0,16384,0,4,4,0,1515,1,99,1,0,0,28388544,0
54800.8,Running,1531,0,1,0,14,25,14,0,1,1396648,4970448,0,1,0,1,28388544,0,0,0,0,0,0,0,16384,0,4,4,0,1530,1,105,1,0,0,28388544,0
54900.8,Running,1546,0,1,0,14,25,14,0,1,1396648,4970448,0,1,0,1,28388544,0,0,0,0,0,0,0,16384,0,4,4,0,1545,1,111,1,0,0,28388544,0
55001.1,Running,1561,0,1,0,14,25,14,0,1,1396648,4970448,0,1,0,1,28388544,0,0,0,0,0,0,0,16384,0,4,4,0,1560,1,117,1,0,0,28388544,0
55100.9,Running,1574,0,1,0,14,25,14,0,1,1396648,4970448,0,1,0,1,28388544,0,0,0,0,0,0,0,16384,0,4,4,0,1573,1,123,1,0,0,28388544,0
55200.4,Running,1589,0,1,0,14,25,14,0,1,1396648,4970448,0,1,0,1,28388544,0,0,0,0,0,0,0,16384,0,4,4,0,1588,1,129,1,0,0,28388544,0
55301.0,Running,1599,0,1,0,14,25,14,0,1,1396648,4970448,0,1,0,1,28388544,0,0,0,0,0,0,0,16384,0,4,4,0,1598,1,135,1,0,0,28388544,0
55400.7,Running,1608,0,1,0,14,25,14,0,1,1396648,4970448,0,1,0,1,28388544,0,0,0,0,0,0,0,16384,0,4,4,0,1607,1,141,1,0,0,28388544,0
55500.5,Running,1617,0,1,0,14,25,14,0,1,1396648,4970448,0,1,0,1,28388544,0,0,0,0,0,0,0,16384,0,4,4,0,1616,1,147,1,0,0,28388544,0
55601.1,Running,1627,0,1,0,14,25,14,0,1,1396648,4970448,0,1,0,1,28388544,0,0,0,0,0,0,0,16384,0,4,4,0,1626,1,153,1,0,0,28388544,0
55700.9,Running,1636,0,1,0,14,25,14,0,1,1396648,4970448,0,1,0,1,28388544,0,0,0,0,0,0,0,16384,0,4,4,0,1635,1,159,1,0,0,28388544,0
55800.7,Running,1645,0,1,0,14,25,14,0,1,1396648,4970448,0,1,0,1,28388544,0,0,0,0,0,0,0,16384,0,4,4,0,1644,1,165,1,0,0,28388544,0
55900.4,Running,1655,0,1,0,14,25,14,0,1,1396648,4970448,0,1,0,1,28388544,0,0,0,0,0,0,0,16384,0,4,4,0,1654,1,171,1,0,0,28388544,0
56000.8,Running,1664,0,1,0,14,25,14,0,1,1396648,4970448,0,1,0,1,28388544,0,0,0,0,0,0,0,16384,0,4,4,0,1663,1,177,1,0,0,28388544,0
56101.0,Running,1677,0,1,0,14,25,14,0,1,1396648,4970448,0,1,0,1,28388544,0,0,0,0,0,0,0,16384,0,4,4,0,1676,1,183,1,0,0,28388544,0
56201.1,Running,1692,0,1,0,14,25,14,0,1,1396648,4970448,0,1,0,1,28388544,0,0,0,0,0,0,0,16384,0,4,4,0,1691,1,189,1,0,0,28388544,0
56300.7,Running,1705,0,1,0,14,25,14,0,1,1396648,4970448,0,1,0,1,28388544,0,0,0,0,0,0,0,16384,0,4,4,0,1704,1,195,1,0,0,28388544,0
56400.5,Running,1716,0,1,0,14,25,14,0,1,1396648,4970448,0,1,0,1,28388544,0,0,0,0,0,0,0,16384,0,4,4,0,1715,1,201,1,0,0,28388544,0
56500.3,Running,1728,0,0,0,14,18,13,1,1,1396648,4970448,0,1,0,0,28388544,0,0,0,0,0,0,0,16384,1,4,4,0,1728,0,207,1,0,0,28388544,0
56600.8,Running,1744,0,1,0,14,25,14,0,1,1396648,4970448,0,1,0,1,28388544,0,0,0,0,0,0,0,16384,0,4,4,0,1743,1,213,1,0,0,28388544,0
56700.5,Running,1755,0,0,0,14,24,1,0,1,1396648,4970448,0,1,0,0,28388544,0,0,0,0,0,0,0,16384,1,4,4,0,1755,0,219,1,0,0,28388544,0
56800.4,Running,1765,0,0,0,14,24,1,0,1,1396648,4970448,0,1,0,0,28388544,0,0,0,0,0,0,0,16384,1,4,4,0,1765,0,225,1,0,0,28388544,0
56900.6,Running,1774,0,0,0,14,18,13,0,1,1396648,4970448,0,1,0,0,28388544,0,0,0,0,0,0,0,16384,1,4,4,0,1774,0,230,1,0,0,28388544,0
57000.7,Running,1783,0,0,0,14,16,12,1,1,1396648,4970448,0,1,0,0,28388544,0,0,0,0,0,0,0,16384,0,4,4,0,1783,0,236,1,0,0,28388544,0
57100.5,Running,1792,0,0,0,14,25,14,0,1,1396648,4970448,0,1,0,0,28388544,0,0,0,0,0,0,0,16384,0,4,4,0,1792,0,242,1,0,0,28388544,0
57200.8,Running,1801,0,0,0,14,16,12,0,1,1396648,4970448,0,1,0,0,28388544,0,0,0,0,0,0,0,16384,0,4,4,0,1801,0,248,1,0,0,28388544,0
57300.7,Running,1811,0,0,0,14,25,14,0,1,1396648,4970448,0,1,0,0,28388544,0,0,0,0,0,0,0,16384,0,4,4,0,1811,0,254,1,0,0,28388544,0
57400.8,Running,1820,0,0,0,14,25,14,0,1,1396648,4970448,0,1,0,0,28388544,0,0,0,0,0,0,0,16384,0,4,4,0,1820,0,260,1,0,0,28388544,0
57500.5,Running,1829,0,0,0,14,25,14,0,1,1396648,4970448,0,1,0,0,28388544,0,0,0,0,0,0,0,16384,0,4,4,0,1829,0,266,1,0,0,28388544,0
57600.6,Running,1841,0,0,0,14,25,14,0,1,1396648,4970448,0,1,0,0,28388544,0,0,0,0,0,0,0,16384,0,4,4,0,1841,0,272,1,0,0,28388544,0
57700.6,Running,1856,0,0,0,14,25,14,0,1,1396648,4970448,0,1,0,0,28388544,0,0,0,0,0,0,0,16384,0,4,4,0,1856,0,278,1,0,0,28388544,0
57800.5,Running,1871,0,0,0,14,25,14,0,1,1396648,4970448,0,1,0,0,28388544,0,0,0,0,0,0,0,16384,0,4,4,0,1871,0,284,1,0,0,28388544,0
57900.4,Running,1886,0,0,0,14,25,14,0,1,1396648,4970448,0,1,0,0,28388544,0,0,0,0,0,0,0,16384,0,4,4,0,1886,0,290,1,0,0,28388544,0
58000.6,Running,1901,0,0,0,14,25,14,0,1,1396648,4970448,0,1,0,0,28388544,0,0,0,0,0,0,0,16384,0,4,4,0,1901,0,296,1,0,0,28388544,0
58100.4,Running,1917,0,0,0,14,25,14,0,1,1396648,4970448,0,1,0,0,28388544,0,0,0,0,0,0,0,16384,0,4,4,0,1917,0,302,1,0,0,28388544,0
58200.7,Running,1932,0,0,0,14,25,14,0,1,1396648,4970448,0,1,0,0,28388544,0,0,0,0,0,0,0,16384,0,4,4,0,1932,0,308,1,0,0,28388544,0
58300.5,Running,1947,0,0,0,14,25,14,0,1,1396648,4970448,0,1,0,0,28388544,0,0,0,0,0,0,0,16384,0,4,4,0,1947,0,314,1,0,0,28388544,0
58401.0,Running,1962,0,0,0,14,25,14,0,1,1396648,4970448,0,1,0,0,28388544,0,0,0,0,0,0,0,16384,0,4,4,0,1962,0,320,1,0,0,28388544,0
58500.4,Running,1978,0,0,0,14,25,14,0,1,1396648,4970448,0,1,0,0,28388544,0,0,0,0,0,0,0,16384,0,4,4,0,1978,0,326,1,0,0,28388544,0
58600.5,Running,1993,0,0,0,14,25,14,0,1,1396648,4970448,0,1,0,0,28388544,0,0,0,0,0,0,0,16384,0,4,4,0,1993,0,332,1,0,0,28388544,0
58700.5,Running,2008,0,0,0,14,25,14,0,1,1396648,4970448,0,1,0,0,28388544,0,0,0,0,0,0,0,16384,0,4,4,0,2008,0,338,1,0,0,28388544,0
58800.4,Running,2023,0,0,0,14,25,14,0,1,1396648,4970448,0,1,0,0,28388544,0,0,0,0,0,0,0,16384,0,4,4,0,2023,0,344,1,0,0,28388544,0
58900.3,Running,2032,0,0,0,14,25,14,0,1,1396648,4970448,0,1,0,0,28388544,0,0,0,0,0,0,0,16384,0,4,4,0,2032,0,350,1,0,0,28388544,0
59000.4,Running,2042,0,0,0,14,25,14,0,1,1396648,4970448,0,1,0,0,28388544,0,0,0,0,0,0,0,16384,0,4,4,0,2042,0,356,1,0,0,28388544,0
59100.7,Running,2051,0,0,0,14,25,14,0,1,1396648,4970448,0,1,0,0,28388544,0,0,0,0,0,0,0,16384,0,4,4,0,2051,0,362,1,0,0,28388544,0
59200.4,Running,2060,0,0,0,14,25,14,0,1,1396648,4970448,0,1,0,0,28388544,0,0,0,0,0,0,0,16384,0,4,4,0,2060,0,368,1,0,0,28388544,0
59300.4,Running,2069,0,0,0,14,25,14,0,1,1396648,4970448,0,1,0,0,28388544,0,0,0,0,0,0,0,16384,0,4,4,0,2069,0,374,1,0,0,28388544,0
59400.7,Running,2082,0,0,0,14,25,14,0,1,1396648,4970448,0,1,0,0,28388544,0,0,0,0,0,0,0,16384,0,4,4,0,2082,0,380,1,0,0,28388544,0
59500.5,Running,2097,0,0,0,14,25,14,0,1,1396648,4970448,0,1,0,0,28388544,0,0,0,0,0,0,0,16384,0,4,4,0,2097,0,386,1,0,0,28388544,0
59600.8,Running,2113,0,0,0,14,25,14,0,1,1396648,4970448,0,1,0,0,28388544,0,0,0,0,0,0,0,16384,0,4,4,0,2113,0,392,1,0,0,28388544,0
59700.8,Running,2128,0,0,0,14,25,14,0,1,1396648,4970448,0,1,0,0,28388544,0,0,0,0,0,0,0,16384,0,4,4,0,2128,0,398,1,0,0,28388544,0
59800.4,Running,2144,0,0,0,14,25,14,0,1,1396648,4970448,0,1,0,0,28388544,0,0,0,0,0,0,0,16384,0,4,4,0,2144,0,404,1,0,0,28388544,0
59900.8,Running,2159,0,0,0,14,25,14,0,1,1396648,4970448,0,1,0,0,28388544,0,0,0,0,0,0,0,16384,0,4,4,0,2159,0,410,1,0,0,28388544,0
60000.7,Running,2174,0,0,0,14,25,14,0,1,1396648,4970448,0,1,0,0,28388544,0,0,0,0,0,0,0,16384,0,4,4,0,2174,0,416,1,0,0,28388544,0
